position_id,customer_id,ticker,exchange,price_date,quantity
P000001,15634602,AACG,NASDAQ,2024-01-02,1
P000002,15574012,A,NYSE,2024-01-02,6
P000003,15767821,AAMC,NYSE A,2024-01-02,11
P000004,15643966,AATC,OTC,2024-01-02,16
P000005,15577657,AACG,NASDAQ,2024-01-02,21
P000006,15738191,A,NYSE,2024-01-02,1
P000007,15589475,AAMC,NYSE A,2024-01-02,6
P000008,15794171,AATC,OTC,2024-01-02,11
P000009,15619360,AACG,NASDAQ,2024-01-02,16
P000010,15754849,A,NYSE,2024-01-02,21
P000011,15616550,AAMC,NYSE A,2024-01-02,1
P000012,15760861,AATC,OTC,2024-01-02,6
P000013,15651280,AACG,NASDAQ,2024-01-02,11
P000014,15789484,A,NYSE,2024-01-02,16
P000015,15703793,AAMC,NYSE A,2024-01-02,21
P000016,15780961,AATC,OTC,2024-01-02,1
P000017,15706021,AACG,NASDAQ,2024-01-02,6
P000018,15805254,A,NYSE,2024-01-02,11
P000019,15757535,AAMC,NYSE A,2024-01-02,16
P000020,15699461,AATC,OTC,2024-01-02,21
P000021,15808582,AACG,NASDAQ,2024-01-02,1
P000022,15613854,A,NYSE,2024-01-02,6
P000023,15803526,AAMC,NYSE A,2024-01-02,11
P000024,15675522,AATC,OTC,2024-01-02,16
P000025,15682472,AACG,NASDAQ,2024-01-02,21
P000026,15627360,A,NYSE,2024-01-02,1
P000027,15740404,AAMC,NYSE A,2024-01-02,6
P000028,15584518,AATC,OTC,2024-01-02,11
P000029,15698932,AACG,NASDAQ,2024-01-02,16
P000030,15800703,A,NYSE,2024-01-02,21
P000031,15650237,AAMC,NYSE A,2024-01-02,1
P000032,15679145,AATC,OTC,2024-01-02,6
P000033,15692132,AACG,NASDAQ,2024-01-02,11
P000034,15585388,A,NYSE,2024-01-02,16
P000035,15587562,AAMC,NYSE A,2024-01-02,21
P000036,15755209,AATC,OTC,2024-01-02,1
P000037,15716334,AACG,NASDAQ,2024-01-02,6
P000038,15654506,A,NYSE,2024-01-02,11
P000039,15726931,AAMC,NYSE A,2024-01-02,16
P000040,15594815,AATC,OTC,2024-01-02,21
P000041,15604482,AACG,NASDAQ,2024-01-02,1
P000042,15773039,A,NYSE,2024-01-02,6
P000043,15752047,AAMC,NYSE A,2024-01-02,11
P000044,15723488,AATC,OTC,2024-01-02,16
P000045,15725311,AACG,NASDAQ,2024-01-02,21
P000046,15699029,A,NYSE,2024-01-02,1
P000047,15808473,AAMC,NYSE A,2024-01-02,6
P000048,15772896,AATC,OTC,2024-01-02,11
P000049,15812009,AACG,NASDAQ,2024-01-02,16
P000050,15797219,A,NYSE,2024-01-02,21
P000051,15628112,AAMC,NYSE A,2024-01-02,1
P000052,15765297,AATC,OTC,2024-01-02,6
P000053,15713853,AACG,NASDAQ,2024-01-02,11
P000054,15813163,A,NYSE,2024-01-02,16
P000055,15787071,AAMC,NYSE A,2024-01-02,21
P000056,15758685,AATC,OTC,2024-01-02,1
P000057,15668893,AACG,NASDAQ,2024-01-02,6
P000058,15626144,A,NYSE,2024-01-02,11
P000059,15652266,AAMC,NYSE A,2024-01-02,16
P000060,15723654,AATC,OTC,2024-01-02,21
P000061,15803976,AACG,NASDAQ,2024-01-02,1
P000062,15636673,A,NYSE,2024-01-02,6
P000063,15712287,AAMC,NYSE A,2024-01-02,11
P000064,15581539,AATC,OTC,2024-01-02,16
P000065,15810834,AACG,NASDAQ,2024-01-02,21
P000066,15736601,A,NYSE,2024-01-02,1
P000067,15598493,AAMC,NYSE A,2024-01-02,6
P000068,15697441,AATC,OTC,2024-01-02,11
P000069,15745844,AACG,NASDAQ,2024-01-02,16
P000070,15763859,A,NYSE,2024-01-02,21
P000071,15659420,AAMC,NYSE A,2024-01-02,1
P000072,15739438,AATC,OTC,2024-01-02,6
P000073,15803716,AACG,NASDAQ,2024-01-02,11
P000074,15613085,A,NYSE,2024-01-02,16
P000075,15611579,AAMC,NYSE A,2024-01-02,21
P000076,15758449,AATC,OTC,2024-01-02,1
P000077,15713578,AACG,NASDAQ,2024-01-02,6
P000078,15720910,A,NYSE,2024-01-02,11
P000079,15685226,AAMC,NYSE A,2024-01-02,16
P000080,15807432,AATC,OTC,2024-01-02,21
P000081,15690452,AACG,NASDAQ,2024-01-02,1
P000082,15692761,A,NYSE,2024-01-02,6
P000083,15566594,AAMC,NYSE A,2024-01-02,11
P000084,15809616,AATC,OTC,2024-01-02,16
P000085,15810418,AACG,NASDAQ,2024-01-02,21
P000086,15784597,A,NYSE,2024-01-02,1
P000087,15597602,AAMC,NYSE A,2024-01-02,6
P000088,15581197,AATC,OTC,2024-01-02,11
P000089,15782735,AACG,NASDAQ,2024-01-02,16
P000090,15803406,A,NYSE,2024-01-02,21
P000091,15794396,AAMC,NYSE A,2024-01-02,1
P000092,15733797,AATC,OTC,2024-01-02,6
P000093,15732778,AACG,NASDAQ,2024-01-02,11
P000094,15726032,A,NYSE,2024-01-02,16
P000095,15759298,AAMC,NYSE A,2024-01-02,21
P000096,15591986,AATC,OTC,2024-01-02,1
P000097,15695585,AACG,NASDAQ,2024-01-02,6
P000098,15637954,A,NYSE,2024-01-02,11
P000099,15714689,AAMC,NYSE A,2024-01-02,16
P000100,15804256,AATC,OTC,2024-01-02,21
P000101,15727688,AACG,NASDAQ,2024-01-02,1
P000102,15576623,A,NYSE,2024-01-02,6
P000103,15568506,AAMC,NYSE A,2024-01-02,11
P000104,15746902,AATC,OTC,2024-01-02,16
P000105,15671256,AACG,NASDAQ,2024-01-02,21
P000106,15786063,A,NYSE,2024-01-02,1
P000107,15736112,AAMC,NYSE A,2024-01-02,6
P000108,15776780,AATC,OTC,2024-01-02,11
P000109,15667896,AACG,NASDAQ,2024-01-02,16
P000110,15615457,A,NYSE,2024-01-02,21
P000111,15750141,AAMC,NYSE A,2024-01-02,1
P000112,15775318,AATC,OTC,2024-01-02,6
P000113,15670080,AACG,NASDAQ,2024-01-02,11
P000114,15811773,A,NYSE,2024-01-02,16
P000115,15728505,AAMC,NYSE A,2024-01-02,21
P000116,15653620,AATC,OTC,2024-01-02,1
P000117,15692671,AACG,NASDAQ,2024-01-02,6
P000118,15718057,A,NYSE,2024-01-02,11
P000119,15788291,AAMC,NYSE A,2024-01-02,16
P000120,15680970,AATC,OTC,2024-01-02,21
P000121,15683503,AACG,NASDAQ,2024-01-02,1
P000122,15814035,A,NYSE,2024-01-02,6
P000123,15686611,AAMC,NYSE A,2024-01-02,11
P000124,15745295,AATC,OTC,2024-01-02,16
P000125,15682585,AACG,NASDAQ,2024-01-02,21
P000126,15604119,A,NYSE,2024-01-02,1
P000127,15712403,AAMC,NYSE A,2024-01-02,6
P000128,15633648,AATC,OTC,2024-01-02,11
P000129,15784844,AACG,NASDAQ,2024-01-02,16
P000130,15569807,A,NYSE,2024-01-02,21
P000131,15730447,AAMC,NYSE A,2024-01-02,1
P000132,15692926,AATC,OTC,2024-01-02,6
P000133,15592937,AACG,NASDAQ,2024-01-02,11
P000134,15645772,A,NYSE,2024-01-02,16
P000135,15576368,AAMC,NYSE A,2024-01-02,21
P000136,15754605,AATC,OTC,2024-01-02,1
P000137,15780804,AACG,NASDAQ,2024-01-02,6
P000138,15600337,A,NYSE,2024-01-02,11
P000139,15589493,AAMC,NYSE A,2024-01-02,16
P000140,15748625,AATC,OTC,2024-01-02,21
P000141,15803457,AACG,NASDAQ,2024-01-02,1
P000142,15580148,A,NYSE,2024-01-02,6
P000143,15722548,AAMC,NYSE A,2024-01-02,11
P000144,15578977,AATC,OTC,2024-01-02,16
P000145,15721658,AACG,NASDAQ,2024-01-02,21
P000146,15672692,A,NYSE,2024-01-02,1
P000147,15812750,AAMC,NYSE A,2024-01-02,6
P000148,15784209,AATC,OTC,2024-01-02,11
P000149,15637414,AACG,NASDAQ,2024-01-02,16
P000150,15640059,A,NYSE,2024-01-02,21
P000151,15790314,AAMC,NYSE A,2024-01-02,1
P000152,15660101,AATC,OTC,2024-01-02,6
P000153,15583212,AACG,NASDAQ,2024-01-02,11
P000154,15812351,A,NYSE,2024-01-02,16
P000155,15584091,AAMC,NYSE A,2024-01-02,21
P000156,15752137,AATC,OTC,2024-01-02,1
P000157,15737051,AACG,NASDAQ,2024-01-02,6
P000158,15660155,A,NYSE,2024-01-02,11
P000159,15763431,AAMC,NYSE A,2024-01-02,16
P000160,15686870,AATC,OTC,2024-01-02,21
P000161,15747542,AACG,NASDAQ,2024-01-02,1
P000162,15756026,A,NYSE,2024-01-02,6
P000163,15699430,AAMC,NYSE A,2024-01-02,11
P000164,15619708,AATC,OTC,2024-01-02,16
P000165,15596939,AACG,NASDAQ,2024-01-02,21
P000166,15660602,A,NYSE,2024-01-02,1
P000167,15695846,AAMC,NYSE A,2024-01-02,6
P000168,15575883,AATC,OTC,2024-01-02,11
P000169,15707567,AACG,NASDAQ,2024-01-02,16
P000170,15592222,A,NYSE,2024-01-02,21
P000171,15572265,AAMC,NYSE A,2024-01-02,1
P000172,15686436,AATC,OTC,2024-01-02,6
P000173,15807663,AACG,NASDAQ,2024-01-02,11
P000174,15686983,A,NYSE,2024-01-02,16
P000175,15799422,AAMC,NYSE A,2024-01-02,21
P000176,15653762,AATC,OTC,2024-01-02,1
P000177,15585362,AACG,NASDAQ,2024-01-02,6
P000178,15721935,A,NYSE,2024-01-02,11
P000179,15768104,AAMC,NYSE A,2024-01-02,16
P000180,15697000,AATC,OTC,2024-01-02,21
P000181,15642041,AACG,NASDAQ,2024-01-02,1
P000182,15675964,A,NYSE,2024-01-02,6
P000183,15599660,AAMC,NYSE A,2024-01-02,11
P000184,15775625,AATC,OTC,2024-01-02,16
P000185,15797748,AACG,NASDAQ,2024-01-02,21
P000186,15636731,A,NYSE,2024-01-02,1
P000187,15790782,AAMC,NYSE A,2024-01-02,6
P000188,15675316,AATC,OTC,2024-01-02,11
P000189,15754084,AACG,NASDAQ,2024-01-02,16
P000190,15709295,A,NYSE,2024-01-02,21
P000191,15630328,AAMC,NYSE A,2024-01-02,1
P000192,15571002,AATC,OTC,2024-01-02,6
P000193,15686164,AACG,NASDAQ,2024-01-02,11
P000194,15602084,A,NYSE,2024-01-02,16
P000195,15805955,AAMC,NYSE A,2024-01-02,21
P000196,15685357,AATC,OTC,2024-01-02,1
P000197,15624729,AACG,NASDAQ,2024-01-02,6
P000198,15756475,A,NYSE,2024-01-02,11
P000199,15745527,AAMC,NYSE A,2024-01-02,16
P000200,15810218,AATC,OTC,2024-01-02,21
P000201,15691111,AACG,NASDAQ,2024-01-02,1
P000202,15701602,A,NYSE,2024-01-02,6
P000203,15799811,AAMC,NYSE A,2024-01-02,11
P000204,15686936,AATC,OTC,2024-01-02,16
P000205,15654673,AACG,NASDAQ,2024-01-02,21
P000206,15759805,A,NYSE,2024-01-02,1
P000207,15681174,AAMC,NYSE A,2024-01-02,6
P000208,15652955,AATC,OTC,2024-01-02,11
P000209,15780870,AACG,NASDAQ,2024-01-02,16
P000210,15785980,A,NYSE,2024-01-02,21
P000211,15623828,AAMC,NYSE A,2024-01-02,1
P000212,15769499,AATC,OTC,2024-01-02,6
P000213,15650933,AACG,NASDAQ,2024-01-02,11
P000214,15692744,A,NYSE,2024-01-02,16
P000215,15648075,AAMC,NYSE A,2024-01-02,21
P000216,15762937,AATC,OTC,2024-01-02,1
P000217,15589195,AACG,NASDAQ,2024-01-02,6
P000218,15646513,A,NYSE,2024-01-02,11
P000219,15604304,AAMC,NYSE A,2024-01-02,16
P000220,15689081,AATC,OTC,2024-01-02,21
P000221,15768201,AACG,NASDAQ,2024-01-02,1
P000222,15624293,A,NYSE,2024-01-02,6
P000223,15592229,AAMC,NYSE A,2024-01-02,11
P000224,15626608,AATC,OTC,2024-01-02,16
P000225,15589358,AACG,NASDAQ,2024-01-02,21
P000226,15645316,A,NYSE,2024-01-02,1
P000227,15628205,AAMC,NYSE A,2024-01-02,6
P000228,15656121,AATC,OTC,2024-01-02,11
P000229,15566251,AACG,NASDAQ,2024-01-02,16
P000230,15601688,A,NYSE,2024-01-02,21
P000231,15722993,AAMC,NYSE A,2024-01-02,1
P000232,15768006,AATC,OTC,2024-01-02,6
P000233,15719348,AACG,NASDAQ,2024-01-02,11
P000234,15723907,A,NYSE,2024-01-02,16
P000235,15590820,AAMC,NYSE A,2024-01-02,21
P000236,15721292,AATC,OTC,2024-01-02,1
P000237,15570326,AACG,NASDAQ,2024-01-02,6
P000238,15795228,A,NYSE,2024-01-02,11
P000239,15636935,AAMC,NYSE A,2024-01-02,16
P000240,15578866,AATC,OTC,2024-01-02,21
P000241,15804602,AACG,NASDAQ,2024-01-02,1
P000242,15724307,A,NYSE,2024-01-02,6
P000243,15658969,AAMC,NYSE A,2024-01-02,11
P000244,15625080,AATC,OTC,2024-01-02,16
P000245,15654654,AACG,NASDAQ,2024-01-02,21
P000246,15733387,A,NYSE,2024-01-02,1
P000247,15742480,AAMC,NYSE A,2024-01-02,6
P000248,15600700,AATC,OTC,2024-01-02,11
P000249,15617934,AACG,NASDAQ,2024-01-02,16
P000250,15658052,A,NYSE,2024-01-02,21
P000251,15702789,AAMC,NYSE A,2024-01-02,1
P000252,15615032,AATC,OTC,2024-01-02,6
P000253,15743532,AACG,NASDAQ,2024-01-02,11
P000254,15662291,A,NYSE,2024-01-02,16
P000255,15671322,AAMC,NYSE A,2024-01-02,21
P000256,15683195,AATC,OTC,2024-01-02,1
P000257,15671590,AACG,NASDAQ,2024-01-02,6
P000258,15658532,A,NYSE,2024-01-02,11
P000259,15813917,AAMC,NYSE A,2024-01-02,16
P000260,15737748,AATC,OTC,2024-01-02,21
P000261,15724620,AACG,NASDAQ,2024-01-02,1
P000262,15800434,A,NYSE,2024-01-02,6
P000263,15759317,AAMC,NYSE A,2024-01-02,11
P000264,15734634,AATC,OTC,2024-01-02,16
P000265,15596493,AACG,NASDAQ,2024-01-02,21
P000266,15729975,A,NYSE,2024-01-02,1
P000267,15742854,AAMC,NYSE A,2024-01-02,6
P000268,15576683,AATC,OTC,2024-01-02,11
P000269,15645511,AACG,NASDAQ,2024-01-02,16
P000270,15714567,A,NYSE,2024-01-02,21
P000271,15613141,AAMC,NYSE A,2024-01-02,1
P000272,15615029,AATC,OTC,2024-01-02,6
P000273,15694409,AACG,NASDAQ,2024-01-02,11
P000274,15689514,A,NYSE,2024-01-02,16
P000275,15791767,AAMC,NYSE A,2024-01-02,21
P000276,15574004,AATC,OTC,2024-01-02,1
P000277,15743067,AACG,NASDAQ,2024-01-02,6
P000278,15672756,A,NYSE,2024-01-02,11
P000279,15727281,AAMC,NYSE A,2024-01-02,16
P000280,15697095,AATC,OTC,2024-01-02,21
P000281,15670481,AACG,NASDAQ,2024-01-02,1
P000282,15612494,A,NYSE,2024-01-02,6
P000283,15710164,AAMC,NYSE A,2024-01-02,11
P000284,15685150,AATC,OTC,2024-01-02,16
P000285,15753969,AACG,NASDAQ,2024-01-02,21
P000286,15583668,A,NYSE,2024-01-02,1
P000287,15703143,AAMC,NYSE A,2024-01-02,6
P000288,15596021,AATC,OTC,2024-01-02,11
P000289,15796334,AACG,NASDAQ,2024-01-02,16
P000290,15646302,A,NYSE,2024-01-02,21
P000291,15676242,AAMC,NYSE A,2024-01-02,1
P000292,15784280,AATC,OTC,2024-01-02,6
P000293,15657085,AACG,NASDAQ,2024-01-02,11
P000294,15753566,A,NYSE,2024-01-02,16
P000295,15762332,AAMC,NYSE A,2024-01-02,21
P000296,15745080,AATC,OTC,2024-01-02,1
P000297,15716822,AACG,NASDAQ,2024-01-02,6
P000298,15700212,A,NYSE,2024-01-02,11
P000299,15761976,AAMC,NYSE A,2024-01-02,16
P000300,15580845,AATC,OTC,2024-01-02,21
P000301,15590146,AACG,NASDAQ,2024-01-02,1
P000302,15798975,A,NYSE,2024-01-02,6
P000303,15786199,AAMC,NYSE A,2024-01-02,11
P000304,15602497,AATC,OTC,2024-01-02,16
P000305,15786800,AACG,NASDAQ,2024-01-02,21
P000306,15568360,A,NYSE,2024-01-02,1
P000307,15640953,AAMC,NYSE A,2024-01-02,6
P000308,15614818,AATC,OTC,2024-01-02,11
P000309,15605950,AACG,NASDAQ,2024-01-02,16
P000310,15673908,A,NYSE,2024-01-02,21
P000311,15599552,AAMC,NYSE A,2024-01-02,1
P000312,15709994,AATC,OTC,2024-01-02,6
P000313,15634281,AACG,NASDAQ,2024-01-02,11
P000314,15649523,A,NYSE,2024-01-02,16
P000315,15607133,AAMC,NYSE A,2024-01-02,21
P000316,15636756,AATC,OTC,2024-01-02,1
P000317,15793881,AACG,NASDAQ,2024-01-02,6
P000318,15692002,A,NYSE,2024-01-02,11
P000319,15651802,AAMC,NYSE A,2024-01-02,16
P000320,15711378,AATC,OTC,2024-01-02,21
P000321,15748718,AACG,NASDAQ,2024-01-02,1
P000322,15640865,A,NYSE,2024-01-02,6
P000323,15758726,AAMC,NYSE A,2024-01-02,11
P000324,15722578,AATC,OTC,2024-01-02,16
P000325,15657386,AACG,NASDAQ,2024-01-02,21
P000326,15630321,A,NYSE,2024-01-02,1
P000327,15634950,AAMC,NYSE A,2024-01-02,6
P000328,15604804,AATC,OTC,2024-01-02,11
P000329,15661528,AACG,NASDAQ,2024-01-02,16
P000330,15600110,A,NYSE,2024-01-02,21
P000331,15718106,AAMC,NYSE A,2024-01-02,1
P000332,15659105,AATC,OTC,2024-01-02,6
P000333,15682356,AACG,NASDAQ,2024-01-02,11
P000334,15775082,A,NYSE,2024-01-02,16
P000335,15716994,AAMC,NYSE A,2024-01-02,21
P000336,15658459,AATC,OTC,2024-01-02,1
P000337,15811236,AACG,NASDAQ,2024-01-02,6
P000338,15713826,A,NYSE,2024-01-02,11
P000339,15758836,AAMC,NYSE A,2024-01-02,16
P000340,15704250,AATC,OTC,2024-01-02,21
P000341,15642833,AACG,NASDAQ,2024-01-02,1
P000342,15612771,A,NYSE,2024-01-02,6
P000343,15567993,AAMC,NYSE A,2024-01-02,11
P000344,15778025,AATC,OTC,2024-01-02,16
P000345,15725024,AACG,NASDAQ,2024-01-02,21
P000346,15574879,A,NYSE,2024-01-02,1
P000347,15643438,AAMC,NYSE A,2024-01-02,6
P000348,15727251,AATC,OTC,2024-01-02,11
P000349,15672132,AACG,NASDAQ,2024-01-02,16
P000350,15772995,A,NYSE,2024-01-02,21
P000351,15569410,AAMC,NYSE A,2024-01-02,1
P000352,15778410,AATC,OTC,2024-01-02,6
P000353,15701121,AACG,NASDAQ,2024-01-02,11
P000354,15770101,A,NYSE,2024-01-02,16
P000355,15689980,AAMC,NYSE A,2024-01-02,21
P000356,15725664,AATC,OTC,2024-01-02,1
P000357,15601008,AACG,NASDAQ,2024-01-02,6
P000358,15589380,A,NYSE,2024-01-02,11
P000359,15625641,AAMC,NYSE A,2024-01-02,16
P000360,15757648,AATC,OTC,2024-01-02,21
P000361,15794122,AACG,NASDAQ,2024-01-02,1
P000362,15607381,A,NYSE,2024-01-02,6
P000363,15592994,AAMC,NYSE A,2024-01-02,11
P000364,15583499,AATC,OTC,2024-01-02,16
P000365,15797389,AACG,NASDAQ,2024-01-02,21
P000366,15678727,A,NYSE,2024-01-02,1
P000367,15572467,AAMC,NYSE A,2024-01-02,6
P000368,15583718,AATC,OTC,2024-01-02,11
P000369,15569209,AACG,NASDAQ,2024-01-02,16
P000370,15589076,A,NYSE,2024-01-02,21
P000371,15587581,AAMC,NYSE A,2024-01-02,1
P000372,15570601,AATC,OTC,2024-01-02,6
P000373,15778190,AACG,NASDAQ,2024-01-02,11
P000374,15636572,A,NYSE,2024-01-02,16
P000375,15782574,AAMC,NYSE A,2024-01-02,21
P000376,15763055,AATC,OTC,2024-01-02,1
P000377,15811314,AACG,NASDAQ,2024-01-02,6
P000378,15663830,A,NYSE,2024-01-02,11
P000379,15796969,AAMC,NYSE A,2024-01-02,16
P000380,15649418,AATC,OTC,2024-01-02,21
P000381,15754999,AACG,NASDAQ,2024-01-02,1
P000382,15566843,A,NYSE,2024-01-02,6
P000383,15811261,AAMC,NYSE A,2024-01-02,11
P000384,15769051,AATC,OTC,2024-01-02,16
P000385,15723720,AACG,NASDAQ,2024-01-02,21
P000386,15757931,A,NYSE,2024-01-02,1
P000387,15627262,AAMC,NYSE A,2024-01-02,6
P000388,15799031,AATC,OTC,2024-01-02,11
P000389,15659651,AACG,NASDAQ,2024-01-02,16
P000390,15607347,A,NYSE,2024-01-02,21
P000391,15615456,AAMC,NYSE A,2024-01-02,1
P000392,15779176,AATC,OTC,2024-01-02,6
P000393,15623647,AACG,NASDAQ,2024-01-02,11
P000394,15772243,A,NYSE,2024-01-02,16
P000395,15762268,AAMC,NYSE A,2024-01-02,21
P000396,15591386,AATC,OTC,2024-01-02,1
P000397,15775880,AACG,NASDAQ,2024-01-02,6
P000398,15627876,A,NYSE,2024-01-02,11
P000399,15775803,AAMC,NYSE A,2024-01-02,16
P000400,15617648,AATC,OTC,2024-01-02,21
P000401,15613656,AACG,NASDAQ,2024-01-02,1
P000402,15725835,A,NYSE,2024-01-02,6
P000403,15612050,AAMC,NYSE A,2024-01-02,11
P000404,15715297,AATC,OTC,2024-01-02,16
P000405,15565779,AACG,NASDAQ,2024-01-02,21
P000406,15752953,A,NYSE,2024-01-02,1
P000407,15746190,AAMC,NYSE A,2024-01-02,6
P000408,15799825,AATC,OTC,2024-01-02,11
P000409,15626684,AACG,NASDAQ,2024-01-02,16
P000410,15655238,A,NYSE,2024-01-02,21
P000411,15797160,AAMC,NYSE A,2024-01-02,1
P000412,15705991,AATC,OTC,2024-01-02,6
P000413,15747980,AACG,NASDAQ,2024-01-02,11
P000414,15581840,A,NYSE,2024-01-02,16
P000415,15750684,AAMC,NYSE A,2024-01-02,21
P000416,15741385,AATC,OTC,2024-01-02,1
P000417,15813412,AACG,NASDAQ,2024-01-02,6
P000418,15687477,A,NYSE,2024-01-02,11
P000419,15602551,AAMC,NYSE A,2024-01-02,16
P000420,15673578,AATC,OTC,2024-01-02,21
P000421,15804814,AACG,NASDAQ,2024-01-02,1
P000422,15615096,A,NYSE,2024-01-02,6
P000423,15795990,AAMC,NYSE A,2024-01-02,11
P000424,15718893,AATC,OTC,2024-01-02,16
P000425,15651554,AACG,NASDAQ,2024-01-02,21
P000426,15777923,A,NYSE,2024-01-02,1
P000427,15757568,AAMC,NYSE A,2024-01-02,6
P000428,15704284,AATC,OTC,2024-01-02,11
P000429,15616931,AACG,NASDAQ,2024-01-02,16
P000430,15639322,A,NYSE,2024-01-02,21
P000431,15771211,AAMC,NYSE A,2024-01-02,1
P000432,15725997,AATC,OTC,2024-01-02,6
P000433,15586821,AACG,NASDAQ,2024-01-02,11
P000434,15585041,A,NYSE,2024-01-02,16
P000435,15662151,AAMC,NYSE A,2024-01-02,21
P000436,15769254,AATC,OTC,2024-01-02,1
P000437,15762902,AACG,NASDAQ,2024-01-02,6
P000438,15730397,A,NYSE,2024-01-02,11
P000439,15609998,AAMC,NYSE A,2024-01-02,16
P000440,15735246,AATC,OTC,2024-01-02,21
P000441,15641114,AACG,NASDAQ,2024-01-02,1
P000442,15812982,A,NYSE,2024-01-02,6
P000443,15769917,AAMC,NYSE A,2024-01-02,11
P000444,15770225,AATC,OTC,2024-01-02,16
P000445,15806049,AACG,NASDAQ,2024-01-02,21
P000446,15774098,A,NYSE,2024-01-02,1
P000447,15623277,AAMC,NYSE A,2024-01-02,6
P000448,15633930,AATC,OTC,2024-01-02,11
P000449,15670345,AACG,NASDAQ,2024-01-02,16
P000450,15578799,A,NYSE,2024-01-02,21
P000451,15739576,AAMC,NYSE A,2024-01-02,1
P000452,15681506,AATC,OTC,2024-01-02,6
P000453,15623927,AACG,NASDAQ,2024-01-02,11
P000454,15734628,A,NYSE,2024-01-02,16
P000455,15622217,AAMC,NYSE A,2024-01-02,21
P000456,15579208,AATC,OTC,2024-01-02,1
P000457,15763747,AACG,NASDAQ,2024-01-02,6
P000458,15783615,A,NYSE,2024-01-02,11
P000459,15674880,AAMC,NYSE A,2024-01-02,16
P000460,15664543,AATC,OTC,2024-01-02,21
P000461,15647266,AACG,NASDAQ,2024-01-02,1
P000462,15576945,A,NYSE,2024-01-02,6
P000463,15569222,AAMC,NYSE A,2024-01-02,11
P000464,15700353,AATC,OTC,2024-01-02,16
P000465,15775888,AACG,NASDAQ,2024-01-02,21
P000466,15612193,A,NYSE,2024-01-02,1
P000467,15806332,AAMC,NYSE A,2024-01-02,6
P000468,15581440,AATC,OTC,2024-01-02,11
P000469,15595728,AACG,NASDAQ,2024-01-02,16
P000470,15641250,A,NYSE,2024-01-02,21
P000471,15646764,AAMC,NYSE A,2024-01-02,1
P000472,15710366,AATC,OTC,2024-01-02,6
P000473,15670205,AACG,NASDAQ,2024-01-02,11
P000474,15751057,A,NYSE,2024-01-02,16
P000475,15650258,AAMC,NYSE A,2024-01-02,21
P000476,15764618,AATC,OTC,2024-01-02,1
P000477,15654463,AACG,NASDAQ,2024-01-02,6
P000478,15728352,A,NYSE,2024-01-02,11
P000479,15599251,AAMC,NYSE A,2024-01-02,16
P000480,15672374,AATC,OTC,2024-01-02,21
P000481,15607827,AACG,NASDAQ,2024-01-02,1
P000482,15759021,A,NYSE,2024-01-02,6
P000483,15613326,AAMC,NYSE A,2024-01-02,11
P000484,15574886,AATC,OTC,2024-01-02,16
P000485,15783305,AACG,NASDAQ,2024-01-02,21
P000486,15630167,A,NYSE,2024-01-02,1
P000487,15689351,AAMC,NYSE A,2024-01-02,6
P000488,15661734,AATC,OTC,2024-01-02,11
P000489,15790659,AACG,NASDAQ,2024-01-02,16
P000490,15654409,A,NYSE,2024-01-02,21
P000491,15679294,AAMC,NYSE A,2024-01-02,1
P000492,15727490,AATC,OTC,2024-01-02,6
P000493,15726403,AACG,NASDAQ,2024-01-02,11
P000494,15612071,A,NYSE,2024-01-02,16
P000495,15720838,AAMC,NYSE A,2024-01-02,21
P000496,15661219,AATC,OTC,2024-01-02,1
P000497,15803790,AACG,NASDAQ,2024-01-02,6
P000498,15659501,A,NYSE,2024-01-02,11
P000499,15633141,AAMC,NYSE A,2024-01-02,16
P000500,15666548,AATC,OTC,2024-01-02,21
P000501,15713378,AACG,NASDAQ,2024-01-02,1
P000502,15720284,A,NYSE,2024-01-02,6
P000503,15607993,AAMC,NYSE A,2024-01-02,11
P000504,15744327,AATC,OTC,2024-01-02,16
P000505,15751561,AACG,NASDAQ,2024-01-02,21
P000506,15738411,A,NYSE,2024-01-02,1
P000507,15598086,AAMC,NYSE A,2024-01-02,6
P000508,15578809,AATC,OTC,2024-01-02,11
P000509,15769703,AACG,NASDAQ,2024-01-02,16
P000510,15687130,A,NYSE,2024-01-02,21
P000511,15784301,AAMC,NYSE A,2024-01-02,1
P000512,15771540,AATC,OTC,2024-01-02,6
P000513,15711834,AACG,NASDAQ,2024-01-02,11
P000514,15596088,A,NYSE,2024-01-02,16
P000515,15611905,AAMC,NYSE A,2024-01-02,21
P000516,15592736,AATC,OTC,2024-01-02,1
P000517,15731790,AACG,NASDAQ,2024-01-02,6
P000518,15612030,A,NYSE,2024-01-02,11
P000519,15710450,AAMC,NYSE A,2024-01-02,16
P000520,15737310,AATC,OTC,2024-01-02,21
P000521,15744582,AACG,NASDAQ,2024-01-02,1
P000522,15620398,A,NYSE,2024-01-02,6
P000523,15729412,AAMC,NYSE A,2024-01-02,11
P000524,15700209,AATC,OTC,2024-01-02,16
P000525,15685300,AACG,NASDAQ,2024-01-02,21
P000526,15600724,A,NYSE,2024-01-02,1
P000527,15600879,AAMC,NYSE A,2024-01-02,6
P000528,15688637,AATC,OTC,2024-01-02,11
P000529,15622117,AACG,NASDAQ,2024-01-02,16
P000530,15765322,A,NYSE,2024-01-02,21
P000531,15813439,AAMC,NYSE A,2024-01-02,1
P000532,15643658,AATC,OTC,2024-01-02,6
P000533,15756241,AACG,NASDAQ,2024-01-02,11
P000534,15635660,A,NYSE,2024-01-02,16
P000535,15760446,AAMC,NYSE A,2024-01-02,21
P000536,15682890,AATC,OTC,2024-01-02,1
P000537,15813532,AACG,NASDAQ,2024-01-02,6
P000538,15672115,A,NYSE,2024-01-02,11
P000539,15754261,AAMC,NYSE A,2024-01-02,16
P000540,15639946,AATC,OTC,2024-01-02,21
P000541,15786200,AACG,NASDAQ,2024-01-02,1
P000542,15585835,A,NYSE,2024-01-02,6
P000543,15766869,AAMC,NYSE A,2024-01-02,11
P000544,15682547,AATC,OTC,2024-01-02,16
P000545,15806688,AACG,NASDAQ,2024-01-02,21
P000546,15597951,A,NYSE,2024-01-02,1
P000547,15730339,AAMC,NYSE A,2024-01-02,6
P000548,15791131,AATC,OTC,2024-01-02,11
P000549,15787699,AACG,NASDAQ,2024-01-02,16
P000550,15669957,A,NYSE,2024-01-02,21
P000551,15767474,AAMC,NYSE A,2024-01-02,1
P000552,15625522,AATC,OTC,2024-01-02,6
P000553,15591123,AACG,NASDAQ,2024-01-02,11
P000554,15733876,A,NYSE,2024-01-02,16
P000555,15693347,AAMC,NYSE A,2024-01-02,21
P000556,15782468,AATC,OTC,2024-01-02,1
P000557,15790235,AACG,NASDAQ,2024-01-02,6
P000558,15771417,A,NYSE,2024-01-02,11
P000559,15595883,AAMC,NYSE A,2024-01-02,16
P000560,15665110,AATC,OTC,2024-01-02,21
P000561,15646817,AACG,NASDAQ,2024-01-02,1
P000562,15618936,A,NYSE,2024-01-02,6
P000563,15595388,AAMC,NYSE A,2024-01-02,11
P000564,15721307,AATC,OTC,2024-01-02,16
P000565,15813916,AACG,NASDAQ,2024-01-02,21
P000566,15576360,A,NYSE,2024-01-02,1
P000567,15701555,AAMC,NYSE A,2024-01-02,6
P000568,15812917,AATC,OTC,2024-01-02,11
P000569,15714057,AACG,NASDAQ,2024-01-02,16
P000570,15812513,A,NYSE,2024-01-02,21
P000571,15610426,AAMC,NYSE A,2024-01-02,1
P000572,15693203,AATC,OTC,2024-01-02,6
P000573,15705890,AACG,NASDAQ,2024-01-02,11
P000574,15590228,A,NYSE,2024-01-02,16
P000575,15651093,AAMC,NYSE A,2024-01-02,21
P000576,15641640,AATC,OTC,2024-01-02,1
P000577,15789425,AACG,NASDAQ,2024-01-02,6
P000578,15716024,A,NYSE,2024-01-02,11
P000579,15689616,AAMC,NYSE A,2024-01-02,16
P000580,15646859,AATC,OTC,2024-01-02,21
P000581,15668575,AACG,NASDAQ,2024-01-02,1
P000582,15694829,A,NYSE,2024-01-02,6
P000583,15746139,AAMC,NYSE A,2024-01-02,11
P000584,15617482,AATC,OTC,2024-01-02,16
P000585,15714658,AACG,NASDAQ,2024-01-02,21
P000586,15633531,A,NYSE,2024-01-02,1
P000587,15573452,AAMC,NYSE A,2024-01-02,6
P000588,15689425,AATC,OTC,2024-01-02,11
P000589,15772798,AACG,NASDAQ,2024-01-02,16
P000590,15776348,A,NYSE,2024-01-02,21
P000591,15744919,AAMC,NYSE A,2024-01-02,1
P000592,15807481,AATC,OTC,2024-01-02,6
P000593,15595135,AACG,NASDAQ,2024-01-02,11
P000594,15654574,A,NYSE,2024-01-02,16
P000595,15595228,AAMC,NYSE A,2024-01-02,21
P000596,15774179,AATC,OTC,2024-01-02,1
P000597,15709476,AACG,NASDAQ,2024-01-02,6
P000598,15631912,A,NYSE,2024-01-02,11
P000599,15809823,AAMC,NYSE A,2024-01-02,16
P000600,15582492,AATC,OTC,2024-01-02,21
P000601,15584545,AACG,NASDAQ,2024-01-02,1
P000602,15789863,A,NYSE,2024-01-02,6
P000603,15619653,AAMC,NYSE A,2024-01-02,11
P000604,15591433,AATC,OTC,2024-01-02,16
P000605,15724423,AACG,NASDAQ,2024-01-02,21
P000606,15745232,A,NYSE,2024-01-02,1
P000607,15725660,AAMC,NYSE A,2024-01-02,6
P000608,15687491,AATC,OTC,2024-01-02,11
P000609,15617134,AACG,NASDAQ,2024-01-02,16
P000610,15749130,A,NYSE,2024-01-02,21
P000611,15699247,AAMC,NYSE A,2024-01-02,1
P000612,15602373,AATC,OTC,2024-01-02,6
P000613,15599533,AACG,NASDAQ,2024-01-02,11
P000614,15614827,A,NYSE,2024-01-02,16
P000615,15794661,AAMC,NYSE A,2024-01-02,21
P000616,15594577,AATC,OTC,2024-01-02,1
P000617,15694288,AACG,NASDAQ,2024-01-02,6
P000618,15571059,A,NYSE,2024-01-02,11
P000619,15779581,AAMC,NYSE A,2024-01-02,16
P000620,15680243,AATC,OTC,2024-01-02,21
P000621,15735549,AACG,NASDAQ,2024-01-02,1
P000622,15794566,A,NYSE,2024-01-02,6
P000623,15707596,AAMC,NYSE A,2024-01-02,11
P000624,15582066,AATC,OTC,2024-01-02,16
P000625,15694879,AACG,NASDAQ,2024-01-02,21
P000626,15685346,A,NYSE,2024-01-02,1
P000627,15813113,AAMC,NYSE A,2024-01-02,6
P000628,15753874,AATC,OTC,2024-01-02,11
P000629,15780572,AACG,NASDAQ,2024-01-02,16
P000630,15775590,A,NYSE,2024-01-02,21
P000631,15795298,AAMC,NYSE A,2024-01-02,1
P000632,15794493,AATC,OTC,2024-01-02,6
P000633,15672821,AACG,NASDAQ,2024-01-02,11
P000634,15581282,A,NYSE,2024-01-02,16
P000635,15791373,AAMC,NYSE A,2024-01-02,21
P000636,15764604,AATC,OTC,2024-01-02,1
P000637,15750447,AACG,NASDAQ,2024-01-02,6
P000638,15761950,A,NYSE,2024-01-02,11
P000639,15625395,AAMC,NYSE A,2024-01-02,16
P000640,15705298,AATC,OTC,2024-01-02,21
P000641,15720745,AACG,NASDAQ,2024-01-02,1
P000642,15733973,A,NYSE,2024-01-02,6
P000643,15733964,AAMC,NYSE A,2024-01-02,11
P000644,15684861,AATC,OTC,2024-01-02,16
P000645,15674331,AACG,NASDAQ,2024-01-02,21
P000646,15785170,A,NYSE,2024-01-02,1
P000647,15769902,AAMC,NYSE A,2024-01-02,6
P000648,15612465,AATC,OTC,2024-01-02,11
P000649,15717560,AACG,NASDAQ,2024-01-02,16
P000650,15768151,A,NYSE,2024-01-02,21
P000651,15587419,AAMC,NYSE A,2024-01-02,1
P000652,15671387,AATC,OTC,2024-01-02,6
P000653,15768072,AACG,NASDAQ,2024-01-02,11
P000654,15671249,A,NYSE,2024-01-02,16
P000655,15629885,AAMC,NYSE A,2024-01-02,21
P000656,15800215,AATC,OTC,2024-01-02,1
P000657,15715622,AACG,NASDAQ,2024-01-02,6
P000658,15627220,A,NYSE,2024-01-02,11
P000659,15748589,AAMC,NYSE A,2024-01-02,16
P000660,15654296,AATC,OTC,2024-01-02,21
P000661,15801904,AACG,NASDAQ,2024-01-02,1
P000662,15574072,A,NYSE,2024-01-02,6
P000663,15746076,AAMC,NYSE A,2024-01-02,11
P000664,15737977,AATC,OTC,2024-01-02,16
P000665,15672242,AACG,NASDAQ,2024-01-02,21
P000666,15711468,A,NYSE,2024-01-02,1
P000667,15657439,AAMC,NYSE A,2024-01-02,6
P000668,15660735,AATC,OTC,2024-01-02,11
P000669,15809263,AACG,NASDAQ,2024-01-02,16
P000670,15648320,A,NYSE,2024-01-02,21
P000671,15685628,AAMC,NYSE A,2024-01-02,1
P000672,15623062,AATC,OTC,2024-01-02,6
P000673,15726796,AACG,NASDAQ,2024-01-02,11
P000674,15764431,A,NYSE,2024-01-02,16
P000675,15749905,AAMC,NYSE A,2024-01-02,21
P000676,15733234,AATC,OTC,2024-01-02,1
P000677,15601184,AACG,NASDAQ,2024-01-02,6
P000678,15765982,A,NYSE,2024-01-02,11
P000679,15618213,AAMC,NYSE A,2024-01-02,16
P000680,15576263,AATC,OTC,2024-01-02,21
P000681,15750874,AACG,NASDAQ,2024-01-02,1
P000682,15793693,A,NYSE,2024-01-02,6
P000683,15595937,AAMC,NYSE A,2024-01-02,11
P000684,15710689,AATC,OTC,2024-01-02,16
P000685,15654519,AACG,NASDAQ,2024-01-02,21
P000686,15802207,A,NYSE,2024-01-02,1
P000687,15780925,AAMC,NYSE A,2024-01-02,6
P000688,15719090,AATC,OTC,2024-01-02,11
P000689,15745605,AACG,NASDAQ,2024-01-02,16
P000690,15784097,A,NYSE,2024-01-02,21
P000691,15661936,AAMC,NYSE A,2024-01-02,1
P000692,15580988,AATC,OTC,2024-01-02,6
P000693,15641662,AACG,NASDAQ,2024-01-02,11
P000694,15763704,A,NYSE,2024-01-02,16
P000695,15585280,AAMC,NYSE A,2024-01-02,21
P000696,15770554,AATC,OTC,2024-01-02,1
P000697,15807993,AACG,NASDAQ,2024-01-02,6
P000698,15728456,A,NYSE,2024-01-02,11
P000699,15809137,AAMC,NYSE A,2024-01-02,16
P000700,15787161,AATC,OTC,2024-01-02,21
P000701,15675675,AACG,NASDAQ,2024-01-02,1
P000702,15742834,A,NYSE,2024-01-02,6
P000703,15800814,AAMC,NYSE A,2024-01-02,11
P000704,15665340,AATC,OTC,2024-01-02,16
P000705,15569248,AACG,NASDAQ,2024-01-02,21
P000706,15632551,A,NYSE,2024-01-02,1
P000707,15623712,AAMC,NYSE A,2024-01-02,6
P000708,15626882,AATC,OTC,2024-01-02,11
P000709,15646726,AACG,NASDAQ,2024-01-02,16
P000710,15690130,A,NYSE,2024-01-02,21
P000711,15648455,AAMC,NYSE A,2024-01-02,1
P000712,15629094,AATC,OTC,2024-01-02,6
P000713,15733777,AACG,NASDAQ,2024-01-02,11
P000714,15598700,A,NYSE,2024-01-02,16
P000715,15706005,AAMC,NYSE A,2024-01-02,21
P000716,15625151,AATC,OTC,2024-01-02,1
P000717,15634359,AACG,NASDAQ,2024-01-02,6
P000718,15741745,A,NYSE,2024-01-02,11
P000719,15687884,AAMC,NYSE A,2024-01-02,16
P000720,15654156,AATC,OTC,2024-01-02,21
P000721,15573599,AACG,NASDAQ,2024-01-02,1
P000722,15788683,A,NYSE,2024-01-02,6
P000723,15711716,AAMC,NYSE A,2024-01-02,11
P000724,15639357,AATC,OTC,2024-01-02,16
P000725,15763806,AACG,NASDAQ,2024-01-02,21
P000726,15781678,A,NYSE,2024-01-02,1
P000727,15782456,AAMC,NYSE A,2024-01-02,6
P000728,15571689,AATC,OTC,2024-01-02,11
P000729,15603665,AACG,NASDAQ,2024-01-02,16
P000730,15607263,A,NYSE,2024-01-02,21
P000731,15724955,AAMC,NYSE A,2024-01-02,1
P000732,15729689,AATC,OTC,2024-01-02,6
P000733,15736431,AACG,NASDAQ,2024-01-02,11
P000734,15748696,A,NYSE,2024-01-02,16
P000735,15660809,AAMC,NYSE A,2024-01-02,21
P000736,15791743,AATC,OTC,2024-01-02,1
P000737,15604576,AACG,NASDAQ,2024-01-02,6
P000738,15642137,A,NYSE,2024-01-02,11
P000739,15654959,AAMC,NYSE A,2024-01-02,16
P000740,15757628,AATC,OTC,2024-01-02,21
P000741,15747345,AACG,NASDAQ,2024-01-02,1
P000742,15769645,A,NYSE,2024-01-02,6
P000743,15601796,AAMC,NYSE A,2024-01-02,11
P000744,15640409,AATC,OTC,2024-01-02,16
P000745,15788775,AACG,NASDAQ,2024-01-02,21
P000746,15626474,A,NYSE,2024-01-02,1
P000747,15689152,AAMC,NYSE A,2024-01-02,6
P000748,15759274,AATC,OTC,2024-01-02,11
P000749,15777855,AACG,NASDAQ,2024-01-02,16
P000750,15808334,A,NYSE,2024-01-02,21
P000751,15793042,AAMC,NYSE A,2024-01-02,1
P000752,15620030,AATC,OTC,2024-01-02,6
P000753,15734970,AACG,NASDAQ,2024-01-02,11
P000754,15730273,A,NYSE,2024-01-02,16
P000755,15568953,AAMC,NYSE A,2024-01-02,21
P000756,15709004,AATC,OTC,2024-01-02,1
P000757,15685290,AACG,NASDAQ,2024-01-02,6
P000758,15803842,A,NYSE,2024-01-02,11
P000759,15756751,AAMC,NYSE A,2024-01-02,16
P000760,15581102,AATC,OTC,2024-01-02,21
P000761,15685314,AACG,NASDAQ,2024-01-02,1
P000762,15597394,A,NYSE,2024-01-02,6
P000763,15746802,AAMC,NYSE A,2024-01-02,11
P000764,15666181,AATC,OTC,2024-01-02,16
P000765,15763148,AACG,NASDAQ,2024-01-02,21
P000766,15762928,A,NYSE,2024-01-02,1
P000767,15720713,AAMC,NYSE A,2024-01-02,6
P000768,15670859,AATC,OTC,2024-01-02,11
P000769,15662884,AACG,NASDAQ,2024-01-02,16
P000770,15736495,A,NYSE,2024-01-02,21
P000771,15775293,AAMC,NYSE A,2024-01-02,1
P000772,15590344,AATC,OTC,2024-01-02,6
P000773,15605666,AACG,NASDAQ,2024-01-02,11
P000774,15729435,A,NYSE,2024-01-02,16
P000775,15746341,AAMC,NYSE A,2024-01-02,21
P000776,15605036,AATC,OTC,2024-01-02,1
P000777,15726945,AACG,NASDAQ,2024-01-02,6
P000778,15618255,A,NYSE,2024-01-02,11
P000779,15719579,AAMC,NYSE A,2024-01-02,16
P000780,15664734,AATC,OTC,2024-01-02,21
P000781,15575748,AACG,NASDAQ,2024-01-02,1
P000782,15680436,A,NYSE,2024-01-02,6
P000783,15698716,AAMC,NYSE A,2024-01-02,11
P000784,15672246,AATC,OTC,2024-01-02,16
P000785,15620268,AACG,NASDAQ,2024-01-02,21
P000786,15701206,A,NYSE,2024-01-02,1
P000787,15626008,AAMC,NYSE A,2024-01-02,6
P000788,15648362,AATC,OTC,2024-01-02,11
P000789,15659736,AACG,NASDAQ,2024-01-02,16
P000790,15652789,A,NYSE,2024-01-02,21
P000791,15602841,AAMC,NYSE A,2024-01-02,1
P000792,15695168,AATC,OTC,2024-01-02,6
P000793,15616811,AACG,NASDAQ,2024-01-02,11
P000794,15775892,A,NYSE,2024-01-02,16
P000795,15634310,AAMC,NYSE A,2024-01-02,21
P000796,15720071,AATC,OTC,2024-01-02,1
P000797,15695792,AACG,NASDAQ,2024-01-02,6
P000798,15615091,A,NYSE,2024-01-02,11
P000799,15778752,AAMC,NYSE A,2024-01-02,16
P000800,15633666,AATC,OTC,2024-01-02,21
P000801,15600692,AACG,NASDAQ,2024-01-02,1
P000802,15677052,A,NYSE,2024-01-02,6
P000803,15685654,AAMC,NYSE A,2024-01-02,11
P000804,15631603,AATC,OTC,2024-01-02,16
P000805,15647453,AACG,NASDAQ,2024-01-02,21
P000806,15640769,A,NYSE,2024-01-02,1
P000807,15808760,AAMC,NYSE A,2024-01-02,6
P000808,15792607,AATC,OTC,2024-01-02,11
P000809,15679075,AACG,NASDAQ,2024-01-02,16
P000810,15738516,A,NYSE,2024-01-02,21
P000811,15585734,AAMC,NYSE A,2024-01-02,1
P000812,15767129,AATC,OTC,2024-01-02,6
P000813,15593250,AACG,NASDAQ,2024-01-02,11
P000814,15809838,A,NYSE,2024-01-02,16
P000815,15611551,AAMC,NYSE A,2024-01-02,21
P000816,15761600,AATC,OTC,2024-01-02,1
P000817,15812262,AACG,NASDAQ,2024-01-02,6
P000818,15627251,A,NYSE,2024-01-02,11
P000819,15681220,AAMC,NYSE A,2024-01-02,16
P000820,15616929,AATC,OTC,2024-01-02,21
P000821,15693322,AACG,NASDAQ,2024-01-02,1
P000822,15701392,A,NYSE,2024-01-02,6
P000823,15801630,AAMC,NYSE A,2024-01-02,11
P000824,15584505,AATC,OTC,2024-01-02,16
P000825,15610105,AACG,NASDAQ,2024-01-02,21
P000826,15633378,A,NYSE,2024-01-02,1
P000827,15731669,AAMC,NYSE A,2024-01-02,6
P000828,15789874,AATC,OTC,2024-01-02,11
P000829,15762048,AACG,NASDAQ,2024-01-02,16
P000830,15729018,A,NYSE,2024-01-02,21
P000831,15566295,AAMC,NYSE A,2024-01-02,1
P000832,15708003,AATC,OTC,2024-01-02,6
P000833,15722350,AACG,NASDAQ,2024-01-02,11
P000834,15725478,A,NYSE,2024-01-02,16
P000835,15605665,AAMC,NYSE A,2024-01-02,21
P000836,15693376,AATC,OTC,2024-01-02,1
P000837,15569438,AACG,NASDAQ,2024-01-02,6
P000838,15642570,A,NYSE,2024-01-02,11
P000839,15659568,AAMC,NYSE A,2024-01-02,16
P000840,15747168,AATC,OTC,2024-01-02,21
P000841,15751943,AACG,NASDAQ,2024-01-02,1
P000842,15670103,A,NYSE,2024-01-02,6
P000843,15731117,AAMC,NYSE A,2024-01-02,11
P000844,15574213,AATC,OTC,2024-01-02,16
P000845,15711314,AACG,NASDAQ,2024-01-02,21
P000846,15671804,A,NYSE,2024-01-02,1
P000847,15566660,AAMC,NYSE A,2024-01-02,6
P000848,15609299,AATC,OTC,2024-01-02,11
P000849,15736730,AACG,NASDAQ,2024-01-02,16
P000850,15569446,A,NYSE,2024-01-02,21
P000851,15631359,AAMC,NYSE A,2024-01-02,1
P000852,15596228,AATC,OTC,2024-01-02,6
P000853,15664555,AACG,NASDAQ,2024-01-02,11
P000854,15810454,A,NYSE,2024-01-02,16
P000855,15741275,AAMC,NYSE A,2024-01-02,21
P000856,15763895,AATC,OTC,2024-01-02,1
P000857,15740527,AACG,NASDAQ,2024-01-02,6
P000858,15679968,A,NYSE,2024-01-02,11
P000859,15598884,AAMC,NYSE A,2024-01-02,16
P000860,15616454,AATC,OTC,2024-01-02,21
P000861,15633834,AACG,NASDAQ,2024-01-02,1
P000862,15775294,A,NYSE,2024-01-02,6
P000863,15657881,AAMC,NYSE A,2024-01-02,11
P000864,15763980,AATC,OTC,2024-01-02,16
P000865,15611544,AACG,NASDAQ,2024-01-02,21
P000866,15727489,A,NYSE,2024-01-02,1
P000867,15666652,AAMC,NYSE A,2024-01-02,6
P000868,15810460,AATC,OTC,2024-01-02,11
P000869,15692631,AACG,NASDAQ,2024-01-02,16
P000870,15584536,A,NYSE,2024-01-02,21
P000871,15754072,AAMC,NYSE A,2024-01-02,1
P000872,15593636,AATC,OTC,2024-01-02,6
P000873,15801934,AACG,NASDAQ,2024-01-02,11
P000874,15716328,A,NYSE,2024-01-02,16
P000875,15740470,AAMC,NYSE A,2024-01-02,21
P000876,15616555,AATC,OTC,2024-01-02,1
P000877,15812241,AACG,NASDAQ,2024-01-02,6
P000878,15605375,A,NYSE,2024-01-02,11
P000879,15674328,AAMC,NYSE A,2024-01-02,16
P000880,15790324,AATC,OTC,2024-01-02,21
P000881,15567063,AACG,NASDAQ,2024-01-02,1
P000882,15617655,A,NYSE,2024-01-02,6
P000883,15691871,AAMC,NYSE A,2024-01-02,11
P000884,15575955,AATC,OTC,2024-01-02,16
P000885,15571261,AACG,NASDAQ,2024-01-02,21
P000886,15805523,A,NYSE,2024-01-02,1
P000887,15654379,AAMC,NYSE A,2024-01-02,6
P000888,15648967,AATC,OTC,2024-01-02,11
P000889,15760121,AACG,NASDAQ,2024-01-02,16
P000890,15736413,A,NYSE,2024-01-02,21
P000891,15791191,AAMC,NYSE A,2024-01-02,1
P000892,15782531,AATC,OTC,2024-01-02,6
P000893,15637678,AACG,NASDAQ,2024-01-02,11
P000894,15579914,A,NYSE,2024-01-02,16
P000895,15593795,AAMC,NYSE A,2024-01-02,21
P000896,15578435,AATC,OTC,2024-01-02,1
P000897,15648479,AACG,NASDAQ,2024-01-02,6
P000898,15630580,A,NYSE,2024-01-02,11
P000899,15792646,AAMC,NYSE A,2024-01-02,16
P000900,15657317,AATC,OTC,2024-01-02,21
P000901,15697318,AACG,NASDAQ,2024-01-02,1
P000902,15628583,A,NYSE,2024-01-02,6
P000903,15657747,AAMC,NYSE A,2024-01-02,11
P000904,15761654,AATC,OTC,2024-01-02,16
P000905,15605826,AACG,NASDAQ,2024-01-02,21
P000906,15612633,A,NYSE,2024-01-02,1
P000907,15802617,AAMC,NYSE A,2024-01-02,6
P000908,15635034,AATC,OTC,2024-01-02,11
P000909,15613017,AACG,NASDAQ,2024-01-02,16
P000910,15667476,A,NYSE,2024-01-02,21
P000911,15803415,AAMC,NYSE A,2024-01-02,1
P000912,15733261,AATC,OTC,2024-01-02,6
P000913,15694518,AACG,NASDAQ,2024-01-02,11
P000914,15773779,A,NYSE,2024-01-02,16
P000915,15760514,AAMC,NYSE A,2024-01-02,21
P000916,15756926,AATC,OTC,2024-01-02,1
P000917,15791842,AACG,NASDAQ,2024-01-02,6
P000918,15627881,A,NYSE,2024-01-02,11
P000919,15680167,AAMC,NYSE A,2024-01-02,16
P000920,15782360,AATC,OTC,2024-01-02,21
P000921,15577985,AACG,NASDAQ,2024-01-02,1
P000922,15585599,A,NYSE,2024-01-02,6
P000923,15772381,AAMC,NYSE A,2024-01-02,11
P000924,15703117,AATC,OTC,2024-01-02,16
P000925,15798960,AACG,NASDAQ,2024-01-02,21
P000926,15695499,A,NYSE,2024-01-02,1
P000927,15684958,AAMC,NYSE A,2024-01-02,6
P000928,15761024,AATC,OTC,2024-01-02,11
P000929,15696373,AACG,NASDAQ,2024-01-02,16
P000930,15782144,A,NYSE,2024-01-02,21
P000931,15664214,AAMC,NYSE A,2024-01-02,1
P000932,15716041,AATC,OTC,2024-01-02,6
P000933,15724632,AACG,NASDAQ,2024-01-02,11
P000934,15656293,A,NYSE,2024-01-02,16
P000935,15706200,AAMC,NYSE A,2024-01-02,21
P000936,15602405,AATC,OTC,2024-01-02,1
P000937,15729582,AACG,NASDAQ,2024-01-02,6
P000938,15646490,A,NYSE,2024-01-02,11
P000939,15681990,AAMC,NYSE A,2024-01-02,16
P000940,15786739,AATC,OTC,2024-01-02,21
P000941,15773709,AACG,NASDAQ,2024-01-02,1
P000942,15749489,A,NYSE,2024-01-02,6
P000943,15685653,AAMC,NYSE A,2024-01-02,11
P000944,15738220,AATC,OTC,2024-01-02,16
P000945,15780654,AACG,NASDAQ,2024-01-02,21
P000946,15734987,A,NYSE,2024-01-02,1
P000947,15576550,AAMC,NYSE A,2024-01-02,6
P000948,15650086,AATC,OTC,2024-01-02,11
P000949,15618661,AACG,NASDAQ,2024-01-02,16
P000950,15655410,A,NYSE,2024-01-02,21
P000951,15597487,AAMC,NYSE A,2024-01-02,1
P000952,15740072,AATC,OTC,2024-01-02,6
P000953,15713949,AACG,NASDAQ,2024-01-02,11
P000954,15755863,A,NYSE,2024-01-02,16
P000955,15761506,AAMC,NYSE A,2024-01-02,21
P000956,15580068,AATC,OTC,2024-01-02,1
P000957,15680046,AACG,NASDAQ,2024-01-02,6
P000958,15702138,A,NYSE,2024-01-02,11
P000959,15642022,AAMC,NYSE A,2024-01-02,16
P000960,15691387,AATC,OTC,2024-01-02,21
P000961,15679810,AACG,NASDAQ,2024-01-02,1
P000962,15745452,A,NYSE,2024-01-02,6
P000963,15799186,AAMC,NYSE A,2024-01-02,11
P000964,15737647,AATC,OTC,2024-01-02,16
P000965,15694209,AACG,NASDAQ,2024-01-02,21
P000966,15726153,A,NYSE,2024-01-02,1
P000967,15620758,AAMC,NYSE A,2024-01-02,6
P000968,15590623,AATC,OTC,2024-01-02,11
P000969,15691647,AACG,NASDAQ,2024-01-02,16
P000970,15642997,A,NYSE,2024-01-02,21
P000971,15593094,AAMC,NYSE A,2024-01-02,1
P000972,15671148,AATC,OTC,2024-01-02,6
P000973,15759991,AACG,NASDAQ,2024-01-02,11
P000974,15734438,A,NYSE,2024-01-02,16
P000975,15573888,AAMC,NYSE A,2024-01-02,21
P000976,15619616,AATC,OTC,2024-01-02,1
P000977,15611580,AACG,NASDAQ,2024-01-02,6
P000978,15654408,A,NYSE,2024-01-02,11
P000979,15797113,AAMC,NYSE A,2024-01-02,16
P000980,15589435,AATC,OTC,2024-01-02,21
P000981,15634936,AACG,NASDAQ,2024-01-02,1
P000982,15627999,A,NYSE,2024-01-02,6
P000983,15706463,AAMC,NYSE A,2024-01-02,11
P000984,15594409,AATC,OTC,2024-01-02,16
P000985,15615016,AACG,NASDAQ,2024-01-02,21
P000986,15790282,A,NYSE,2024-01-02,1
P000987,15569670,AAMC,NYSE A,2024-01-02,6
P000988,15804862,AATC,OTC,2024-01-02,11
P000989,15799652,AACG,NASDAQ,2024-01-02,16
P000990,15646784,A,NYSE,2024-01-02,21
P000991,15771383,AAMC,NYSE A,2024-01-02,1
P000992,15581525,AATC,OTC,2024-01-02,6
P000993,15767626,AACG,NASDAQ,2024-01-02,11
P000994,15729515,A,NYSE,2024-01-02,16
P000995,15614893,AAMC,NYSE A,2024-01-02,21
P000996,15573278,AATC,OTC,2024-01-02,1
P000997,15740406,AACG,NASDAQ,2024-01-02,6
P000998,15742681,A,NYSE,2024-01-02,11
P000999,15802857,AAMC,NYSE A,2024-01-02,16
P001000,15583480,AATC,OTC,2024-01-02,21
P001001,15598695,AACG,NASDAQ,2024-01-02,1
P001002,15741032,A,NYSE,2024-01-02,6
P001003,15719508,AAMC,NYSE A,2024-01-02,11
P001004,15756196,AATC,OTC,2024-01-02,16
P001005,15669589,AACG,NASDAQ,2024-01-02,21
P001006,15780432,A,NYSE,2024-01-02,1
P001007,15812832,AAMC,NYSE A,2024-01-02,6
P001008,15712121,AATC,OTC,2024-01-02,11
P001009,15749727,AACG,NASDAQ,2024-01-02,16
P001010,15744691,A,NYSE,2024-01-02,21
P001011,15663294,AAMC,NYSE A,2024-01-02,1
P001012,15806284,AATC,OTC,2024-01-02,6
P001013,15681928,AACG,NASDAQ,2024-01-02,11
P001014,15775709,A,NYSE,2024-01-02,16
P001015,15794468,AAMC,NYSE A,2024-01-02,21
P001016,15684921,AATC,OTC,2024-01-02,1
P001017,15764405,AACG,NASDAQ,2024-01-02,6
P001018,15687372,A,NYSE,2024-01-02,11
P001019,15642709,AAMC,NYSE A,2024-01-02,16
P001020,15742442,AATC,OTC,2024-01-02,21
P001021,15582404,AACG,NASDAQ,2024-01-02,1
P001022,15718465,A,NYSE,2024-01-02,6
P001023,15646756,AAMC,NYSE A,2024-01-02,11
P001024,15727317,AATC,OTC,2024-01-02,16
P001025,15701176,AACG,NASDAQ,2024-01-02,21
P001026,15656086,A,NYSE,2024-01-02,1
P001027,15631721,AAMC,NYSE A,2024-01-02,6
P001028,15587240,AATC,OTC,2024-01-02,11
P001029,15617790,AACG,NASDAQ,2024-01-02,16
P001030,15680597,A,NYSE,2024-01-02,21
P001031,15614716,AAMC,NYSE A,2024-01-02,1
P001032,15656426,AATC,OTC,2024-01-02,6
P001033,15672299,AACG,NASDAQ,2024-01-02,11
P001034,15688612,A,NYSE,2024-01-02,16
P001035,15623695,AAMC,NYSE A,2024-01-02,21
P001036,15626322,AATC,OTC,2024-01-02,1
P001037,15799720,AACG,NASDAQ,2024-01-02,6
P001038,15801169,A,NYSE,2024-01-02,11
P001039,15579548,AAMC,NYSE A,2024-01-02,16
P001040,15658589,AATC,OTC,2024-01-02,21
P001041,15641298,AACG,NASDAQ,2024-01-02,1
P001042,15735400,A,NYSE,2024-01-02,6
P001043,15738954,AAMC,NYSE A,2024-01-02,11
P001044,15701280,AATC,OTC,2024-01-02,16
P001045,15753174,AACG,NASDAQ,2024-01-02,21
P001046,15586300,A,NYSE,2024-01-02,1
P001047,15576641,AAMC,NYSE A,2024-01-02,6
P001048,15608528,AATC,OTC,2024-01-02,11
P001049,15733842,AACG,NASDAQ,2024-01-02,16
P001050,15588517,A,NYSE,2024-01-02,21
P001051,15720820,AAMC,NYSE A,2024-01-02,1
P001052,15745533,AATC,OTC,2024-01-02,6
P001053,15731281,AACG,NASDAQ,2024-01-02,11
P001054,15707488,A,NYSE,2024-01-02,16
P001055,15607230,AAMC,NYSE A,2024-01-02,21
P001056,15579616,AATC,OTC,2024-01-02,1
P001057,15694129,AACG,NASDAQ,2024-01-02,6
P001058,15732643,A,NYSE,2024-01-02,11
P001059,15743490,AAMC,NYSE A,2024-01-02,16
P001060,15801788,AATC,OTC,2024-01-02,21
P001061,15613734,AACG,NASDAQ,2024-01-02,1
P001062,15652469,A,NYSE,2024-01-02,6
P001063,15624744,AAMC,NYSE A,2024-01-02,11
P001064,15572956,AATC,OTC,2024-01-02,16
P001065,15591550,AACG,NASDAQ,2024-01-02,21
P001066,15599126,A,NYSE,2024-01-02,1
P001067,15626212,AAMC,NYSE A,2024-01-02,6
P001068,15596649,AATC,OTC,2024-01-02,11
P001069,15612667,AACG,NASDAQ,2024-01-02,16
P001070,15639217,A,NYSE,2024-01-02,21
P001071,15647965,AAMC,NYSE A,2024-01-02,1
P001072,15773751,AATC,OTC,2024-01-02,6
P001073,15661349,AACG,NASDAQ,2024-01-02,11
P001074,15774104,A,NYSE,2024-01-02,16
P001075,15728564,AAMC,NYSE A,2024-01-02,21
P001076,15705352,AATC,OTC,2024-01-02,1
P001077,15768219,AACG,NASDAQ,2024-01-02,6
P001078,15681410,A,NYSE,2024-01-02,11
P001079,15573851,AAMC,NYSE A,2024-01-02,16
P001080,15639303,AATC,OTC,2024-01-02,21
P001081,15644788,AACG,NASDAQ,2024-01-02,1
P001082,15592707,A,NYSE,2024-01-02,6
P001083,15723613,AAMC,NYSE A,2024-01-02,11
P001084,15747014,AATC,OTC,2024-01-02,16
P001085,15583462,AACG,NASDAQ,2024-01-02,21
P001086,15595153,A,NYSE,2024-01-02,1
P001087,15746028,AAMC,NYSE A,2024-01-02,6
P001088,15808283,AATC,OTC,2024-01-02,11
P001089,15807269,AACG,NASDAQ,2024-01-02,16
P001090,15779174,A,NYSE,2024-01-02,21
P001091,15580227,AAMC,NYSE A,2024-01-02,1
P001092,15726855,AATC,OTC,2024-01-02,6
P001093,15668894,AACG,NASDAQ,2024-01-02,11
P001094,15794941,A,NYSE,2024-01-02,16
P001095,15736124,AAMC,NYSE A,2024-01-02,21
P001096,15748608,AATC,OTC,2024-01-02,1
P001097,15659094,AACG,NASDAQ,2024-01-02,6
P001098,15753837,A,NYSE,2024-01-02,11
P001099,15722322,AAMC,NYSE A,2024-01-02,16
P001100,15601387,AATC,OTC,2024-01-02,21
P001101,15641877,AACG,NASDAQ,2024-01-02,1
P001102,15802466,A,NYSE,2024-01-02,6
P001103,15636330,AAMC,NYSE A,2024-01-02,11
P001104,15742534,AATC,OTC,2024-01-02,16
P001105,15649414,AACG,NASDAQ,2024-01-02,21
P001106,15782993,A,NYSE,2024-01-02,1
P001107,15736043,AAMC,NYSE A,2024-01-02,6
P001108,15694444,AATC,OTC,2024-01-02,11
P001109,15605742,AACG,NASDAQ,2024-01-02,16
P001110,15806709,A,NYSE,2024-01-02,21
P001111,15777784,AAMC,NYSE A,2024-01-02,1
P001112,15572398,AATC,OTC,2024-01-02,6
P001113,15631436,AACG,NASDAQ,2024-01-02,11
P001114,15636541,A,NYSE,2024-01-02,16
P001115,15645847,AAMC,NYSE A,2024-01-02,21
P001116,15782879,AATC,OTC,2024-01-02,1
P001117,15786249,AACG,NASDAQ,2024-01-02,6
P001118,15656597,A,NYSE,2024-01-02,11
P001119,15681439,AAMC,NYSE A,2024-01-02,16
P001120,15616431,AATC,OTC,2024-01-02,21
P001121,15596713,AACG,NASDAQ,2024-01-02,1
P001122,15730272,A,NYSE,2024-01-02,6
P001123,15783816,AAMC,NYSE A,2024-01-02,11
P001124,15775339,AATC,OTC,2024-01-02,16
P001125,15752409,AACG,NASDAQ,2024-01-02,21
P001126,15663234,A,NYSE,2024-01-02,1
P001127,15706131,AAMC,NYSE A,2024-01-02,6
P001128,15746662,AATC,OTC,2024-01-02,11
P001129,15800514,AACG,NASDAQ,2024-01-02,16
P001130,15785373,A,NYSE,2024-01-02,21
P001131,15644882,AAMC,NYSE A,2024-01-02,1
P001132,15573171,AATC,OTC,2024-01-02,6
P001133,15737133,AACG,NASDAQ,2024-01-02,11
P001134,15766064,A,NYSE,2024-01-02,16
P001135,15709653,AAMC,NYSE A,2024-01-02,21
P001136,15757897,AATC,OTC,2024-01-02,1
P001137,15803947,AACG,NASDAQ,2024-01-02,6
P001138,15811565,A,NYSE,2024-01-02,11
P001139,15676707,AAMC,NYSE A,2024-01-02,16
P001140,15773591,AATC,OTC,2024-01-02,21
P001141,15812888,AACG,NASDAQ,2024-01-02,1
P001142,15698703,A,NYSE,2024-01-02,6
P001143,15589496,AAMC,NYSE A,2024-01-02,11
P001144,15657396,AATC,OTC,2024-01-02,16
P001145,15794414,AACG,NASDAQ,2024-01-02,21
P001146,15693996,A,NYSE,2024-01-02,1
P001147,15577683,AAMC,NYSE A,2024-01-02,6
P001148,15756070,AATC,OTC,2024-01-02,11
P001149,15568885,AACG,NASDAQ,2024-01-02,16
P001150,15623649,A,NYSE,2024-01-02,21
P001151,15583392,AAMC,NYSE A,2024-01-02,1
P001152,15600813,AATC,OTC,2024-01-02,6
P001153,15785350,AACG,NASDAQ,2024-01-02,11
P001154,15717156,A,NYSE,2024-01-02,16
P001155,15694381,AAMC,NYSE A,2024-01-02,21
P001156,15717527,AATC,OTC,2024-01-02,1
P001157,15590327,AACG,NASDAQ,2024-01-02,6
P001158,15711733,A,NYSE,2024-01-02,11
P001159,15646351,AAMC,NYSE A,2024-01-02,16
P001160,15565891,AATC,OTC,2024-01-02,21
P001161,15610379,AACG,NASDAQ,2024-01-02,1
P001162,15814236,A,NYSE,2024-01-02,6
P001163,15800688,AAMC,NYSE A,2024-01-02,11
P001164,15788022,AATC,OTC,2024-01-02,16
P001165,15717231,AACG,NASDAQ,2024-01-02,21
P001166,15753888,A,NYSE,2024-01-02,1
P001167,15810711,AAMC,NYSE A,2024-01-02,6
P001168,15602479,AATC,OTC,2024-01-02,11
P001169,15729574,AACG,NASDAQ,2024-01-02,16
P001170,15654300,A,NYSE,2024-01-02,21
P001171,15762091,AAMC,NYSE A,2024-01-02,1
P001172,15608541,AATC,OTC,2024-01-02,6
P001173,15723818,AACG,NASDAQ,2024-01-02,11
P001174,15735339,A,NYSE,2024-01-02,16
P001175,15780142,AAMC,NYSE A,2024-01-02,21
P001176,15578307,AATC,OTC,2024-01-02,1
P001177,15718231,AACG,NASDAQ,2024-01-02,6
P001178,15723856,A,NYSE,2024-01-02,11
P001179,15712777,AAMC,NYSE A,2024-01-02,16
P001180,15704014,AATC,OTC,2024-01-02,21
P001181,15569759,AACG,NASDAQ,2024-01-02,1
P001182,15731519,A,NYSE,2024-01-02,6
P001183,15700749,AAMC,NYSE A,2024-01-02,11
P001184,15725665,AATC,OTC,2024-01-02,16
P001185,15640648,AACG,NASDAQ,2024-01-02,21
P001186,15783477,A,NYSE,2024-01-02,1
P001187,15645744,AAMC,NYSE A,2024-01-02,6
P001188,15778089,AATC,OTC,2024-01-02,11
P001189,15791958,AACG,NASDAQ,2024-01-02,16
P001190,15722533,A,NYSE,2024-01-02,21
P001191,15806808,AAMC,NYSE A,2024-01-02,1
P001192,15649024,AATC,OTC,2024-01-02,6
P001193,15728917,AACG,NASDAQ,2024-01-02,11
P001194,15644132,A,NYSE,2024-01-02,16
P001195,15634295,AAMC,NYSE A,2024-01-02,21
P001196,15758039,AATC,OTC,2024-01-02,1
P001197,15781710,AACG,NASDAQ,2024-01-02,6
P001198,15702145,A,NYSE,2024-01-02,11
P001199,15625494,AAMC,NYSE A,2024-01-02,16
P001200,15783865,AATC,OTC,2024-01-02,21
P001201,15658577,AACG,NASDAQ,2024-01-02,1
P001202,15589323,A,NYSE,2024-01-02,6
P001203,15814033,AAMC,NYSE A,2024-01-02,11
P001204,15582591,AATC,OTC,2024-01-02,16
P001205,15781234,AACG,NASDAQ,2024-01-02,21
P001206,15709917,A,NYSE,2024-01-02,1
P001207,15581388,AAMC,NYSE A,2024-01-02,6
P001208,15764021,AATC,OTC,2024-01-02,11
P001209,15735358,AACG,NASDAQ,2024-01-02,16
P001210,15784594,A,NYSE,2024-01-02,21
P001211,15626414,AAMC,NYSE A,2024-01-02,1
P001212,15623972,AATC,OTC,2024-01-02,6
P001213,15669253,AACG,NASDAQ,2024-01-02,11
P001214,15674720,A,NYSE,2024-01-02,16
P001215,15678173,AAMC,NYSE A,2024-01-02,21
P001216,15781451,AATC,OTC,2024-01-02,1
P001217,15725945,AACG,NASDAQ,2024-01-02,6
P001218,15596992,A,NYSE,2024-01-02,11
P001219,15738785,AAMC,NYSE A,2024-01-02,16
P001220,15741652,AATC,OTC,2024-01-02,21
P001221,15720463,AACG,NASDAQ,2024-01-02,1
P001222,15605134,A,NYSE,2024-01-02,6
P001223,15577402,AAMC,NYSE A,2024-01-02,11
P001224,15604813,AATC,OTC,2024-01-02,16
P001225,15636423,AACG,NASDAQ,2024-01-02,21
P001226,15687913,A,NYSE,2024-01-02,1
P001227,15651144,AAMC,NYSE A,2024-01-02,6
P001228,15624611,AATC,OTC,2024-01-02,11
P001229,15785042,AACG,NASDAQ,2024-01-02,16
P001230,15653065,A,NYSE,2024-01-02,21
P001231,15625761,AAMC,NYSE A,2024-01-02,1
P001232,15694300,AATC,OTC,2024-01-02,6
P001233,15706128,AACG,NASDAQ,2024-01-02,11
P001234,15801942,A,NYSE,2024-01-02,16
P001235,15611157,AAMC,NYSE A,2024-01-02,21
P001236,15587584,AATC,OTC,2024-01-02,1
P001237,15734892,AACG,NASDAQ,2024-01-02,6
P001238,15754526,A,NYSE,2024-01-02,11
P001239,15613923,AAMC,NYSE A,2024-01-02,16
P001240,15804950,AATC,OTC,2024-01-02,21
P001241,15569654,AACG,NASDAQ,2024-01-02,1
P001242,15616221,A,NYSE,2024-01-02,6
P001243,15592197,AAMC,NYSE A,2024-01-02,11
P001244,15597610,AATC,OTC,2024-01-02,16
P001245,15716926,AACG,NASDAQ,2024-01-02,21
P001246,15742172,A,NYSE,2024-01-02,1
P001247,15616954,AAMC,NYSE A,2024-01-02,6
P001248,15691457,AATC,OTC,2024-01-02,11
P001249,15626507,AACG,NASDAQ,2024-01-02,16
P001250,15722083,A,NYSE,2024-01-02,21
P001251,15570895,AAMC,NYSE A,2024-01-02,1
P001252,15589017,AATC,OTC,2024-01-02,6
P001253,15672826,AACG,NASDAQ,2024-01-02,11
P001254,15624471,A,NYSE,2024-01-02,16
P001255,15702806,AAMC,NYSE A,2024-01-02,21
P001256,15814940,AATC,OTC,2024-01-02,1
P001257,15578546,AACG,NASDAQ,2024-01-02,6
P001258,15655229,A,NYSE,2024-01-02,11
P001259,15622801,AAMC,NYSE A,2024-01-02,16
P001260,15621550,AATC,OTC,2024-01-02,21
P001261,15668235,AACG,NASDAQ,2024-01-02,1
P001262,15732563,A,NYSE,2024-01-02,6
P001263,15641595,AAMC,NYSE A,2024-01-02,11
P001264,15687421,AATC,OTC,2024-01-02,16
P001265,15673599,AACG,NASDAQ,2024-01-02,21
P001266,15615797,A,NYSE,2024-01-02,1
P001267,15715117,AAMC,NYSE A,2024-01-02,6
P001268,15740428,AATC,OTC,2024-01-02,11
P001269,15659064,AACG,NASDAQ,2024-01-02,16
P001270,15632345,A,NYSE,2024-01-02,21
P001271,15799600,AAMC,NYSE A,2024-01-02,1
P001272,15570414,AATC,OTC,2024-01-02,6
P001273,15661591,AACG,NASDAQ,2024-01-02,11
P001274,15576196,A,NYSE,2024-01-02,16
P001275,15798200,AAMC,NYSE A,2024-01-02,21
P001276,15708534,AATC,OTC,2024-01-02,1
P001277,15642162,AACG,NASDAQ,2024-01-02,6
P001278,15706810,A,NYSE,2024-01-02,11
P001279,15588406,AAMC,NYSE A,2024-01-02,16
P001280,15707918,AATC,OTC,2024-01-02,21
P001281,15585907,AACG,NASDAQ,2024-01-02,1
P001282,15760749,A,NYSE,2024-01-02,6
P001283,15762351,AAMC,NYSE A,2024-01-02,11
P001284,15769516,AATC,OTC,2024-01-02,16
P001285,15718039,AACG,NASDAQ,2024-01-02,21
P001286,15566894,A,NYSE,2024-01-02,1
P001287,15728012,AAMC,NYSE A,2024-01-02,6
P001288,15754874,AATC,OTC,2024-01-02,11
P001289,15772559,AACG,NASDAQ,2024-01-02,16
P001290,15719170,A,NYSE,2024-01-02,21
P001291,15781409,AAMC,NYSE A,2024-01-02,1
P001292,15701522,AATC,OTC,2024-01-02,6
P001293,15688395,AACG,NASDAQ,2024-01-02,11
P001294,15606855,A,NYSE,2024-01-02,16
P001295,15616630,AAMC,NYSE A,2024-01-02,21
P001296,15566030,AATC,OTC,2024-01-02,1
P001297,15693704,AACG,NASDAQ,2024-01-02,6
P001298,15635197,A,NYSE,2024-01-02,11
P001299,15620751,AAMC,NYSE A,2024-01-02,16
P001300,15640852,AATC,OTC,2024-01-02,21
P001301,15625964,AACG,NASDAQ,2024-01-02,1
P001302,15761053,A,NYSE,2024-01-02,6
P001303,15643916,AAMC,NYSE A,2024-01-02,11
P001304,15810898,AATC,OTC,2024-01-02,16
P001305,15694143,AACG,NASDAQ,2024-01-02,21
P001306,15598157,A,NYSE,2024-01-02,1
P001307,15808851,AAMC,NYSE A,2024-01-02,6
P001308,15776985,AATC,OTC,2024-01-02,11
P001309,15656322,AACG,NASDAQ,2024-01-02,16
P001310,15572735,A,NYSE,2024-01-02,21
P001311,15617331,AAMC,NYSE A,2024-01-02,1
P001312,15581505,AATC,OTC,2024-01-02,6
P001313,15719778,AACG,NASDAQ,2024-01-02,11
P001314,15789936,A,NYSE,2024-01-02,16
P001315,15790958,AAMC,NYSE A,2024-01-02,21
P001316,15651883,AATC,OTC,2024-01-02,1
P001317,15673074,AACG,NASDAQ,2024-01-02,6
P001318,15773804,A,NYSE,2024-01-02,11
P001319,15674868,AAMC,NYSE A,2024-01-02,16
P001320,15734948,AATC,OTC,2024-01-02,21
P001321,15697360,AACG,NASDAQ,2024-01-02,1
P001322,15645029,A,NYSE,2024-01-02,6
P001323,15596339,AAMC,NYSE A,2024-01-02,11
P001324,15792934,AATC,OTC,2024-01-02,16
P001325,15751297,AACG,NASDAQ,2024-01-02,21
P001326,15610912,A,NYSE,2024-01-02,1
P001327,15726960,AAMC,NYSE A,2024-01-02,6
P001328,15678374,AATC,OTC,2024-01-02,11
P001329,15815615,AACG,NASDAQ,2024-01-02,16
P001330,15648989,A,NYSE,2024-01-02,21
P001331,15655252,AAMC,NYSE A,2024-01-02,1
P001332,15703763,AATC,OTC,2024-01-02,6
P001333,15765258,AACG,NASDAQ,2024-01-02,11
P001334,15599024,A,NYSE,2024-01-02,16
P001335,15667932,AAMC,NYSE A,2024-01-02,21
P001336,15724663,AATC,OTC,2024-01-02,1
P001337,15588450,AACG,NASDAQ,2024-01-02,6
P001338,15606861,A,NYSE,2024-01-02,11
P001339,15579223,AAMC,NYSE A,2024-01-02,16
P001340,15615473,AATC,OTC,2024-01-02,21
P001341,15681115,AACG,NASDAQ,2024-01-02,1
P001342,15782875,A,NYSE,2024-01-02,6
P001343,15701037,AAMC,NYSE A,2024-01-02,11
P001344,15763111,AATC,OTC,2024-01-02,16
P001345,15647207,AACG,NASDAQ,2024-01-02,21
P001346,15639552,A,NYSE,2024-01-02,1
P001347,15628697,AAMC,NYSE A,2024-01-02,6
P001348,15717328,AATC,OTC,2024-01-02,11
P001349,15618816,AACG,NASDAQ,2024-01-02,16
P001350,15786454,A,NYSE,2024-01-02,21
P001351,15690546,AAMC,NYSE A,2024-01-02,1
P001352,15683483,AATC,OTC,2024-01-02,6
P001353,15586557,AACG,NASDAQ,2024-01-02,11
P001354,15689955,A,NYSE,2024-01-02,16
P001355,15815295,AAMC,NYSE A,2024-01-02,21
P001356,15751455,AATC,OTC,2024-01-02,1
P001357,15693752,AACG,NASDAQ,2024-01-02,6
P001358,15640266,A,NYSE,2024-01-02,11
P001359,15599074,AAMC,NYSE A,2024-01-02,16
P001360,15713347,AATC,OTC,2024-01-02,21
P001361,15743149,AACG,NASDAQ,2024-01-02,1
P001362,15577988,A,NYSE,2024-01-02,6
P001363,15642996,AAMC,NYSE A,2024-01-02,11
P001364,15795571,AATC,OTC,2024-01-02,16
P001365,15685019,AACG,NASDAQ,2024-01-02,21
P001366,15615477,A,NYSE,2024-01-02,1
P001367,15669262,AAMC,NYSE A,2024-01-02,6
P001368,15618391,AATC,OTC,2024-01-02,11
P001369,15685826,AACG,NASDAQ,2024-01-02,16
P001370,15734085,A,NYSE,2024-01-02,21
P001371,15579526,AAMC,NYSE A,2024-01-02,1
P001372,15737814,AATC,OTC,2024-01-02,6
P001373,15785654,AACG,NASDAQ,2024-01-02,11
P001374,15598536,A,NYSE,2024-01-02,16
P001375,15762793,AAMC,NYSE A,2024-01-02,21
P001376,15665283,AATC,OTC,2024-01-02,1
P001377,15724453,AACG,NASDAQ,2024-01-02,6
P001378,15606849,A,NYSE,2024-01-02,11
P001379,15673877,AAMC,NYSE A,2024-01-02,16
P001380,15694765,AATC,OTC,2024-01-02,21
P001381,15806922,AACG,NASDAQ,2024-01-02,1
P001382,15754012,A,NYSE,2024-01-02,6
P001383,15709199,AAMC,NYSE A,2024-01-02,11
P001384,15751549,AATC,OTC,2024-01-02,16
P001385,15773394,AACG,NASDAQ,2024-01-02,21
P001386,15618363,A,NYSE,2024-01-02,1
P001387,15680685,AAMC,NYSE A,2024-01-02,6
P001388,15750396,AATC,OTC,2024-01-02,11
P001389,15636590,AACG,NASDAQ,2024-01-02,16
P001390,15747821,A,NYSE,2024-01-02,21
P001391,15667392,AAMC,NYSE A,2024-01-02,1
P001392,15697042,AATC,OTC,2024-01-02,6
P001393,15732903,AACG,NASDAQ,2024-01-02,11
P001394,15656188,A,NYSE,2024-01-02,16
P001395,15761286,AAMC,NYSE A,2024-01-02,21
P001396,15644856,AATC,OTC,2024-01-02,1
P001397,15748360,AACG,NASDAQ,2024-01-02,6
P001398,15586699,A,NYSE,2024-01-02,11
P001399,15648725,AAMC,NYSE A,2024-01-02,16
P001400,15696826,AATC,OTC,2024-01-02,21
P001401,15739548,AACG,NASDAQ,2024-01-02,1
P001402,15726466,A,NYSE,2024-01-02,6
P001403,15585892,AAMC,NYSE A,2024-01-02,11
P001404,15683168,AATC,OTC,2024-01-02,16
P001405,15786237,AACG,NASDAQ,2024-01-02,21
P001406,15711446,A,NYSE,2024-01-02,1
P001407,15610042,AAMC,NYSE A,2024-01-02,6
P001408,15686461,AATC,OTC,2024-01-02,11
P001409,15655658,AACG,NASDAQ,2024-01-02,16
P001410,15648069,A,NYSE,2024-01-02,21
P001411,15720529,AAMC,NYSE A,2024-01-02,1
P001412,15621546,AATC,OTC,2024-01-02,6
P001413,15594305,AACG,NASDAQ,2024-01-02,11
P001414,15568162,A,NYSE,2024-01-02,16
P001415,15608595,AAMC,NYSE A,2024-01-02,21
P001416,15768295,AATC,OTC,2024-01-02,1
P001417,15719940,AACG,NASDAQ,2024-01-02,6
P001418,15575605,A,NYSE,2024-01-02,11
P001419,15565714,AAMC,NYSE A,2024-01-02,16
P001420,15783883,AATC,OTC,2024-01-02,21
P001421,15668830,AACG,NASDAQ,2024-01-02,1
P001422,15597536,A,NYSE,2024-01-02,6
P001423,15681509,AAMC,NYSE A,2024-01-02,11
P001424,15773421,AATC,OTC,2024-01-02,16
P001425,15603683,AACG,NASDAQ,2024-01-02,21
P001426,15748432,A,NYSE,2024-01-02,1
P001427,15801473,AAMC,NYSE A,2024-01-02,6
P001428,15788442,AATC,OTC,2024-01-02,11
P001429,15716082,AACG,NASDAQ,2024-01-02,16
P001430,15723827,A,NYSE,2024-01-02,21
P001431,15691150,AAMC,NYSE A,2024-01-02,1
P001432,15609070,AATC,OTC,2024-01-02,6
P001433,15745375,AACG,NASDAQ,2024-01-02,11
P001434,15709252,A,NYSE,2024-01-02,16
P001435,15621244,AAMC,NYSE A,2024-01-02,21
P001436,15638983,AATC,OTC,2024-01-02,1
P001437,15632789,AACG,NASDAQ,2024-01-02,6
P001438,15686885,A,NYSE,2024-01-02,11
P001439,15774262,AAMC,NYSE A,2024-01-02,16
P001440,15708714,AATC,OTC,2024-01-02,21
P001441,15593959,AACG,NASDAQ,2024-01-02,1
P001442,15592914,A,NYSE,2024-01-02,6
P001443,15800773,AAMC,NYSE A,2024-01-02,11
P001444,15684440,AATC,OTC,2024-01-02,16
P001445,15706637,AACG,NASDAQ,2024-01-02,21
P001446,15793366,A,NYSE,2024-01-02,1
P001447,15805627,AAMC,NYSE A,2024-01-02,6
P001448,15629750,AATC,OTC,2024-01-02,11
P001449,15591552,AACG,NASDAQ,2024-01-02,16
P001450,15763579,A,NYSE,2024-01-02,21
P001451,15631451,AAMC,NYSE A,2024-01-02,1
P001452,15632503,AATC,OTC,2024-01-02,6
P001453,15571081,AACG,NASDAQ,2024-01-02,11
P001454,15692718,A,NYSE,2024-01-02,16
P001455,15706268,AAMC,NYSE A,2024-01-02,21
P001456,15642336,AATC,OTC,2024-01-02,1
P001457,15611973,AACG,NASDAQ,2024-01-02,6
P001458,15725028,A,NYSE,2024-01-02,11
P001459,15793825,AAMC,NYSE A,2024-01-02,16
P001460,15696361,AATC,OTC,2024-01-02,21
P001461,15788224,AACG,NASDAQ,2024-01-02,1
P001462,15794204,A,NYSE,2024-01-02,6
P001463,15740487,AAMC,NYSE A,2024-01-02,11
P001464,15593345,AATC,OTC,2024-01-02,16
P001465,15778142,AACG,NASDAQ,2024-01-02,21
P001466,15787229,A,NYSE,2024-01-02,1
P001467,15802106,AAMC,NYSE A,2024-01-02,6
P001468,15679394,AATC,OTC,2024-01-02,11
P001469,15578722,AACG,NASDAQ,2024-01-02,16
P001470,15567834,A,NYSE,2024-01-02,21
P001471,15713160,AAMC,NYSE A,2024-01-02,1
P001472,15623072,AATC,OTC,2024-01-02,6
P001473,15591035,AACG,NASDAQ,2024-01-02,11
P001474,15593178,A,NYSE,2024-01-02,16
P001475,15726167,AAMC,NYSE A,2024-01-02,21
P001476,15638871,AATC,OTC,2024-01-02,1
P001477,15625311,AACG,NASDAQ,2024-01-02,6
P001478,15660144,A,NYSE,2024-01-02,11
P001479,15764922,AAMC,NYSE A,2024-01-02,16
P001480,15808386,AATC,OTC,2024-01-02,21
P001481,15802071,AACG,NASDAQ,2024-01-02,1
P001482,15704315,A,NYSE,2024-01-02,6
P001483,15752344,AAMC,NYSE A,2024-01-02,11
P001484,15635598,AATC,OTC,2024-01-02,16
P001485,15765487,AACG,NASDAQ,2024-01-02,21
P001486,15640521,A,NYSE,2024-01-02,1
P001487,15754578,AAMC,NYSE A,2024-01-02,6
P001488,15647898,AATC,OTC,2024-01-02,11
P001489,15604130,AACG,NASDAQ,2024-01-02,16
P001490,15630592,A,NYSE,2024-01-02,21
P001491,15679801,AAMC,NYSE A,2024-01-02,1
P001492,15748499,AATC,OTC,2024-01-02,6
P001493,15622083,AACG,NASDAQ,2024-01-02,11
P001494,15772941,A,NYSE,2024-01-02,16
P001495,15602456,AAMC,NYSE A,2024-01-02,21
P001496,15599152,AATC,OTC,2024-01-02,1
P001497,15812766,AACG,NASDAQ,2024-01-02,6
P001498,15744423,A,NYSE,2024-01-02,11
P001499,15703177,AAMC,NYSE A,2024-01-02,16
P001500,15589541,AATC,OTC,2024-01-02,21
P001501,15652289,AACG,NASDAQ,2024-01-02,1
P001502,15660528,A,NYSE,2024-01-02,6
P001503,15729377,AAMC,NYSE A,2024-01-02,11
P001504,15764841,AATC,OTC,2024-01-02,16
P001505,15665087,AACG,NASDAQ,2024-01-02,21
P001506,15770406,A,NYSE,2024-01-02,1
P001507,15711299,AAMC,NYSE A,2024-01-02,6
P001508,15737542,AATC,OTC,2024-01-02,11
P001509,15735330,AACG,NASDAQ,2024-01-02,16
P001510,15615176,A,NYSE,2024-01-02,21
P001511,15801817,AAMC,NYSE A,2024-01-02,1
P001512,15721504,AATC,OTC,2024-01-02,6
P001513,15675176,AACG,NASDAQ,2024-01-02,11
P001514,15623369,A,NYSE,2024-01-02,16
P001515,15791944,AAMC,NYSE A,2024-01-02,21
P001516,15687634,AATC,OTC,2024-01-02,1
P001517,15781975,AACG,NASDAQ,2024-01-02,6
P001518,15580579,A,NYSE,2024-01-02,11
P001519,15568819,AAMC,NYSE A,2024-01-02,16
P001520,15569595,AATC,OTC,2024-01-02,21
P001521,15762392,AACG,NASDAQ,2024-01-02,1
P001522,15710138,A,NYSE,2024-01-02,6
P001523,15615670,AAMC,NYSE A,2024-01-02,11
P001524,15611682,AATC,OTC,2024-01-02,16
P001525,15629133,AACG,NASDAQ,2024-01-02,21
P001526,15689692,A,NYSE,2024-01-02,1
P001527,15748986,AAMC,NYSE A,2024-01-02,6
P001528,15702030,AATC,OTC,2024-01-02,11
P001529,15572361,AACG,NASDAQ,2024-01-02,16
P001530,15698522,A,NYSE,2024-01-02,21
P001531,15810716,AAMC,NYSE A,2024-01-02,1
P001532,15594651,AATC,OTC,2024-01-02,6
P001533,15665014,AACG,NASDAQ,2024-01-02,11
P001534,15730150,A,NYSE,2024-01-02,16
P001535,15711759,AAMC,NYSE A,2024-01-02,21
P001536,15618258,AATC,OTC,2024-01-02,1
P001537,15665181,AACG,NASDAQ,2024-01-02,6
P001538,15769980,A,NYSE,2024-01-02,11
P001539,15692258,AAMC,NYSE A,2024-01-02,16
P001540,15629985,AATC,OTC,2024-01-02,21
P001541,15715184,AACG,NASDAQ,2024-01-02,1
P001542,15647306,A,NYSE,2024-01-02,6
P001543,15754168,AAMC,NYSE A,2024-01-02,11
P001544,15582129,AATC,OTC,2024-01-02,16
P001545,15700693,AACG,NASDAQ,2024-01-02,21
P001546,15631756,A,NYSE,2024-01-02,1
P001547,15593622,AAMC,NYSE A,2024-01-02,6
P001548,15774936,AATC,OTC,2024-01-02,11
P001549,15725906,AACG,NASDAQ,2024-01-02,16
P001550,15701166,A,NYSE,2024-01-02,21
P001551,15805162,AAMC,NYSE A,2024-01-02,1
P001552,15680843,AATC,OTC,2024-01-02,6
P001553,15641860,AACG,NASDAQ,2024-01-02,11
P001554,15613427,A,NYSE,2024-01-02,16
P001555,15809509,AAMC,NYSE A,2024-01-02,21
P001556,15731246,AATC,OTC,2024-01-02,1
P001557,15677387,AACG,NASDAQ,2024-01-02,6
P001558,15750547,A,NYSE,2024-01-02,11
P001559,15607176,AAMC,NYSE A,2024-01-02,16
P001560,15604497,AATC,OTC,2024-01-02,21
P001561,15795759,AACG,NASDAQ,2024-01-02,1
P001562,15672499,A,NYSE,2024-01-02,6
P001563,15771059,AAMC,NYSE A,2024-01-02,11
P001564,15735784,AATC,OTC,2024-01-02,16
P001565,15576131,AACG,NASDAQ,2024-01-02,21
P001566,15802758,A,NYSE,2024-01-02,1
P001567,15600173,AAMC,NYSE A,2024-01-02,6
P001568,15788189,AATC,OTC,2024-01-02,11
P001569,15611756,AACG,NASDAQ,2024-01-02,16
P001570,15622774,A,NYSE,2024-01-02,21
P001571,15679663,AAMC,NYSE A,2024-01-02,1
P001572,15663808,AATC,OTC,2024-01-02,6
P001573,15716501,AACG,NASDAQ,2024-01-02,11
P001574,15748995,A,NYSE,2024-01-02,16
P001575,15569867,AAMC,NYSE A,2024-01-02,21
P001576,15775104,AATC,OTC,2024-01-02,1
P001577,15612418,AACG,NASDAQ,2024-01-02,6
P001578,15632344,A,NYSE,2024-01-02,11
P001579,15665783,AAMC,NYSE A,2024-01-02,16
P001580,15660571,AATC,OTC,2024-01-02,21
P001581,15653275,AACG,NASDAQ,2024-01-02,1
P001582,15764491,A,NYSE,2024-01-02,6
P001583,15615177,AAMC,NYSE A,2024-01-02,11
P001584,15803538,AATC,OTC,2024-01-02,16
P001585,15684296,AACG,NASDAQ,2024-01-02,21
P001586,15800482,A,NYSE,2024-01-02,1
P001587,15606436,AAMC,NYSE A,2024-01-02,6
P001588,15587311,AATC,OTC,2024-01-02,11
P001589,15628008,AACG,NASDAQ,2024-01-02,16
P001590,15654870,A,NYSE,2024-01-02,21
P001591,15806796,AAMC,NYSE A,2024-01-02,1
P001592,15644297,AATC,OTC,2024-01-02,6
P001593,15772479,AACG,NASDAQ,2024-01-02,11
P001594,15645404,A,NYSE,2024-01-02,16
P001595,15577398,AAMC,NYSE A,2024-01-02,21
P001596,15794356,AATC,OTC,2024-01-02,1
P001597,15627517,AACG,NASDAQ,2024-01-02,6
P001598,15678427,A,NYSE,2024-01-02,11
P001599,15643635,AAMC,NYSE A,2024-01-02,16
P001600,15803479,AATC,OTC,2024-01-02,21
P001601,15629002,AACG,NASDAQ,2024-01-02,1
P001602,15632848,A,NYSE,2024-01-02,6
P001603,15787756,AAMC,NYSE A,2024-01-02,11
P001604,15778694,AATC,OTC,2024-01-02,16
P001605,15669491,AACG,NASDAQ,2024-01-02,21
P001606,15571873,A,NYSE,2024-01-02,1
P001607,15578141,AAMC,NYSE A,2024-01-02,6
P001608,15733705,AATC,OTC,2024-01-02,11
P001609,15627439,AACG,NASDAQ,2024-01-02,16
P001610,15795737,A,NYSE,2024-01-02,21
P001611,15708193,AAMC,NYSE A,2024-01-02,1
P001612,15659807,AATC,OTC,2024-01-02,6
P001613,15776596,AACG,NASDAQ,2024-01-02,11
P001614,15690829,A,NYSE,2024-01-02,16
P001615,15583764,AAMC,NYSE A,2024-01-02,21
P001616,15745250,AATC,OTC,2024-01-02,1
P001617,15668775,AACG,NASDAQ,2024-01-02,6
P001618,15656286,A,NYSE,2024-01-02,11
P001619,15601324,AAMC,NYSE A,2024-01-02,16
P001620,15584620,AATC,OTC,2024-01-02,21
P001621,15631217,AACG,NASDAQ,2024-01-02,1
P001622,15635116,A,NYSE,2024-01-02,6
P001623,15751524,AAMC,NYSE A,2024-01-02,11
P001624,15700752,AATC,OTC,2024-01-02,16
P001625,15676645,AACG,NASDAQ,2024-01-02,21
P001626,15666982,A,NYSE,2024-01-02,1
P001627,15588928,AAMC,NYSE A,2024-01-02,6
P001628,15716605,AATC,OTC,2024-01-02,11
P001629,15572022,AACG,NASDAQ,2024-01-02,16
P001630,15708904,A,NYSE,2024-01-02,21
P001631,15738936,AAMC,NYSE A,2024-01-02,1
P001632,15715715,AATC,OTC,2024-01-02,6
P001633,15576990,AACG,NASDAQ,2024-01-02,11
P001634,15813503,A,NYSE,2024-01-02,16
P001635,15641366,AAMC,NYSE A,2024-01-02,21
P001636,15606601,AATC,OTC,2024-01-02,1
P001637,15643378,AACG,NASDAQ,2024-01-02,6
P001638,15812356,A,NYSE,2024-01-02,11
P001639,15813871,AAMC,NYSE A,2024-01-02,16
P001640,15706537,AATC,OTC,2024-01-02,21
P001641,15577359,AACG,NASDAQ,2024-01-02,1
P001642,15800793,A,NYSE,2024-01-02,6
P001643,15768476,AAMC,NYSE A,2024-01-02,11
P001644,15743236,AATC,OTC,2024-01-02,16
P001645,15727177,AACG,NASDAQ,2024-01-02,21
P001646,15804142,A,NYSE,2024-01-02,1
P001647,15755239,AAMC,NYSE A,2024-01-02,6
P001648,15760177,AATC,OTC,2024-01-02,11
P001649,15708504,AACG,NASDAQ,2024-01-02,16
P001650,15569626,A,NYSE,2024-01-02,21
P001651,15688865,AAMC,NYSE A,2024-01-02,1
P001652,15708139,AATC,OTC,2024-01-02,6
P001653,15627830,AACG,NASDAQ,2024-01-02,11
P001654,15618562,A,NYSE,2024-01-02,16
P001655,15703544,AAMC,NYSE A,2024-01-02,21
P001656,15737489,AATC,OTC,2024-01-02,1
P001657,15745716,AACG,NASDAQ,2024-01-02,6
P001658,15572631,A,NYSE,2024-01-02,11
P001659,15731267,AAMC,NYSE A,2024-01-02,16
P001660,15617304,AATC,OTC,2024-01-02,21
P001661,15802625,AACG,NASDAQ,2024-01-02,1
P001662,15605698,A,NYSE,2024-01-02,6
P001663,15752809,AAMC,NYSE A,2024-01-02,11
P001664,15781347,AATC,OTC,2024-01-02,16
P001665,15602354,AACG,NASDAQ,2024-01-02,21
P001666,15682489,A,NYSE,2024-01-02,1
P001667,15707974,AAMC,NYSE A,2024-01-02,6
P001668,15737414,AATC,OTC,2024-01-02,11
P001669,15695197,AACG,NASDAQ,2024-01-02,16
P001670,15763898,A,NYSE,2024-01-02,21
P001671,15709531,AAMC,NYSE A,2024-01-02,1
P001672,15695301,AATC,OTC,2024-01-02,6
P001673,15754747,AACG,NASDAQ,2024-01-02,11
P001674,15659949,A,NYSE,2024-01-02,16
P001675,15807107,AAMC,NYSE A,2024-01-02,21
P001676,15658614,AATC,OTC,2024-01-02,1
P001677,15650437,AACG,NASDAQ,2024-01-02,6
P001678,15649297,A,NYSE,2024-01-02,11
P001679,15755521,AAMC,NYSE A,2024-01-02,16
P001680,15586069,AATC,OTC,2024-01-02,21
P001681,15632069,AACG,NASDAQ,2024-01-02,1
P001682,15801351,A,NYSE,2024-01-02,6
P001683,15609913,AAMC,NYSE A,2024-01-02,11
P001684,15758031,AATC,OTC,2024-01-02,16
P001685,15743076,AACG,NASDAQ,2024-01-02,21
P001686,15642636,A,NYSE,2024-01-02,1
P001687,15775949,AAMC,NYSE A,2024-01-02,6
P001688,15605072,AATC,OTC,2024-01-02,11
P001689,15781127,AACG,NASDAQ,2024-01-02,16
P001690,15678333,A,NYSE,2024-01-02,21
P001691,15710053,AAMC,NYSE A,2024-01-02,1
P001692,15692207,AATC,OTC,2024-01-02,6
P001693,15658982,AACG,NASDAQ,2024-01-02,11
P001694,15601569,A,NYSE,2024-01-02,16
P001695,15582847,AAMC,NYSE A,2024-01-02,21
P001696,15574830,AATC,OTC,2024-01-02,1
P001697,15597591,AACG,NASDAQ,2024-01-02,6
P001698,15724269,A,NYSE,2024-01-02,11
P001699,15585985,AAMC,NYSE A,2024-01-02,16
P001700,15801436,AATC,OTC,2024-01-02,21
P001701,15584785,AACG,NASDAQ,2024-01-02,1
P001702,15791535,A,NYSE,2024-01-02,6
P001703,15769353,AAMC,NYSE A,2024-01-02,11
P001704,15811389,AATC,OTC,2024-01-02,16
P001705,15634606,AACG,NASDAQ,2024-01-02,21
P001706,15751084,A,NYSE,2024-01-02,1
P001707,15703354,AAMC,NYSE A,2024-01-02,6
P001708,15754940,AATC,OTC,2024-01-02,11
P001709,15728709,AACG,NASDAQ,2024-01-02,16
P001710,15674179,A,NYSE,2024-01-02,21
P001711,15709016,AAMC,NYSE A,2024-01-02,1
P001712,15638329,AATC,OTC,2024-01-02,6
P001713,15599386,AACG,NASDAQ,2024-01-02,11
P001714,15749068,A,NYSE,2024-01-02,16
P001715,15711457,AAMC,NYSE A,2024-01-02,21
P001716,15690175,AATC,OTC,2024-01-02,1
P001717,15801915,AACG,NASDAQ,2024-01-02,6
P001718,15737047,A,NYSE,2024-01-02,11
P001719,15633194,AAMC,NYSE A,2024-01-02,16
P001720,15668774,AATC,OTC,2024-01-02,21
P001721,15755405,AACG,NASDAQ,2024-01-02,1
P001722,15748920,A,NYSE,2024-01-02,6
P001723,15731553,AAMC,NYSE A,2024-01-02,11
P001724,15789924,AATC,OTC,2024-01-02,16
P001725,15665879,AACG,NASDAQ,2024-01-02,21
P001726,15581893,A,NYSE,2024-01-02,1
P001727,15786042,AAMC,NYSE A,2024-01-02,6
P001728,15608701,AATC,OTC,2024-01-02,11
P001729,15611365,AACG,NASDAQ,2024-01-02,16
P001730,15669282,A,NYSE,2024-01-02,21
P001731,15731865,AAMC,NYSE A,2024-01-02,1
P001732,15705050,AATC,OTC,2024-01-02,6
P001733,15790594,AACG,NASDAQ,2024-01-02,11
P001734,15727291,A,NYSE,2024-01-02,16
P001735,15758702,AAMC,NYSE A,2024-01-02,21
P001736,15639265,AATC,OTC,2024-01-02,1
P001737,15782939,AACG,NASDAQ,2024-01-02,6
P001738,15597885,A,NYSE,2024-01-02,11
P001739,15756167,AAMC,NYSE A,2024-01-02,16
P001740,15801994,AATC,OTC,2024-01-02,21
P001741,15627637,AACG,NASDAQ,2024-01-02,1
P001742,15804064,A,NYSE,2024-01-02,6
P001743,15683522,AAMC,NYSE A,2024-01-02,11
P001744,15750837,AATC,OTC,2024-01-02,16
P001745,15645059,AACG,NASDAQ,2024-01-02,21
P001746,15703394,A,NYSE,2024-01-02,1
P001747,15634373,AAMC,NYSE A,2024-01-02,6
P001748,15713599,AATC,OTC,2024-01-02,11
P001749,15570908,AACG,NASDAQ,2024-01-02,16
P001750,15793424,A,NYSE,2024-01-02,21
P001751,15644849,AAMC,NYSE A,2024-01-02,1
P001752,15697510,AATC,OTC,2024-01-02,6
P001753,15727819,AACG,NASDAQ,2024-01-02,11
P001754,15791452,A,NYSE,2024-01-02,16
P001755,15656901,AAMC,NYSE A,2024-01-02,21
P001756,15812720,AATC,OTC,2024-01-02,1
P001757,15669782,AACG,NASDAQ,2024-01-02,6
P001758,15801293,A,NYSE,2024-01-02,11
P001759,15691792,AAMC,NYSE A,2024-01-02,16
P001760,15716608,AATC,OTC,2024-01-02,21
P001761,15647890,AACG,NASDAQ,2024-01-02,1
P001762,15758546,A,NYSE,2024-01-02,6
P001763,15699047,AAMC,NYSE A,2024-01-02,11
P001764,15710034,AATC,OTC,2024-01-02,16
P001765,15714832,AACG,NASDAQ,2024-01-02,21
P001766,15797081,A,NYSE,2024-01-02,1
P001767,15810444,AAMC,NYSE A,2024-01-02,6
P001768,15589361,AATC,OTC,2024-01-02,11
P001769,15646969,AACG,NASDAQ,2024-01-02,16
P001770,15635703,A,NYSE,2024-01-02,21
P001771,15590201,AAMC,NYSE A,2024-01-02,1
P001772,15689953,AATC,OTC,2024-01-02,6
P001773,15725762,AACG,NASDAQ,2024-01-02,11
P001774,15639004,A,NYSE,2024-01-02,16
P001775,15789560,AAMC,NYSE A,2024-01-02,21
P001776,15768120,AATC,OTC,2024-01-02,1
P001777,15603764,AACG,NASDAQ,2024-01-02,6
P001778,15815125,A,NYSE,2024-01-02,11
P001779,15788723,AAMC,NYSE A,2024-01-02,16
P001780,15658972,AATC,OTC,2024-01-02,21
P001781,15611599,AACG,NASDAQ,2024-01-02,1
P001782,15661745,A,NYSE,2024-01-02,6
P001783,15744873,AAMC,NYSE A,2024-01-02,11
P001784,15804962,AATC,OTC,2024-01-02,16
P001785,15697546,AACG,NASDAQ,2024-01-02,21
P001786,15805463,A,NYSE,2024-01-02,1
P001787,15665759,AAMC,NYSE A,2024-01-02,6
P001788,15585066,AATC,OTC,2024-01-02,11
P001789,15658148,AACG,NASDAQ,2024-01-02,16
P001790,15616745,A,NYSE,2024-01-02,21
P001791,15700424,AAMC,NYSE A,2024-01-02,1
P001792,15641319,AATC,OTC,2024-01-02,6
P001793,15657957,AACG,NASDAQ,2024-01-02,11
P001794,15811032,A,NYSE,2024-01-02,16
P001795,15636105,AAMC,NYSE A,2024-01-02,21
P001796,15763415,AATC,OTC,2024-01-02,1
P001797,15786433,AACG,NASDAQ,2024-01-02,6
P001798,15802118,A,NYSE,2024-01-02,11
P001799,15729065,AAMC,NYSE A,2024-01-02,16
P001800,15580623,AATC,OTC,2024-01-02,21
P001801,15723217,AACG,NASDAQ,2024-01-02,1
P001802,15802823,A,NYSE,2024-01-02,6
P001803,15786463,AAMC,NYSE A,2024-01-02,11
P001804,15597385,AATC,OTC,2024-01-02,16
P001805,15807194,AACG,NASDAQ,2024-01-02,21
P001806,15574743,A,NYSE,2024-01-02,1
P001807,15799635,AAMC,NYSE A,2024-01-02,6
P001808,15807555,AATC,OTC,2024-01-02,11
P001809,15653952,AACG,NASDAQ,2024-01-02,16
P001810,15749951,A,NYSE,2024-01-02,21
P001811,15760988,AAMC,NYSE A,2024-01-02,1
P001812,15645323,AATC,OTC,2024-01-02,6
P001813,15770474,AACG,NASDAQ,2024-01-02,11
P001814,15693637,A,NYSE,2024-01-02,16
P001815,15656937,AAMC,NYSE A,2024-01-02,21
P001816,15635942,AATC,OTC,2024-01-02,1
P001817,15620443,AACG,NASDAQ,2024-01-02,6
P001818,15579189,A,NYSE,2024-01-02,11
P001819,15813911,AAMC,NYSE A,2024-01-02,16
P001820,15718839,AATC,OTC,2024-01-02,21
P001821,15743075,AACG,NASDAQ,2024-01-02,1
P001822,15685476,A,NYSE,2024-01-02,6
P001823,15727391,AAMC,NYSE A,2024-01-02,11
P001824,15692977,AATC,OTC,2024-01-02,16
P001825,15796838,AACG,NASDAQ,2024-01-02,21
P001826,15604138,A,NYSE,2024-01-02,1
P001827,15790599,AAMC,NYSE A,2024-01-02,6
P001828,15664432,AATC,OTC,2024-01-02,11
P001829,15784323,AACG,NASDAQ,2024-01-02,16
P001830,15621768,A,NYSE,2024-01-02,21
P001831,15602030,AAMC,NYSE A,2024-01-02,1
P001832,15680666,AATC,OTC,2024-01-02,6
P001833,15753679,AACG,NASDAQ,2024-01-02,11
P001834,15669946,A,NYSE,2024-01-02,16
P001835,15616028,AAMC,NYSE A,2024-01-02,21
P001836,15703413,AATC,OTC,2024-01-02,1
P001837,15568326,AACG,NASDAQ,2024-01-02,6
P001838,15715078,A,NYSE,2024-01-02,11
P001839,15798943,AAMC,NYSE A,2024-01-02,16
P001840,15710315,AATC,OTC,2024-01-02,21
P001841,15567923,AACG,NASDAQ,2024-01-02,1
P001842,15758750,A,NYSE,2024-01-02,6
P001843,15792650,AAMC,NYSE A,2024-01-02,11
P001844,15624180,AATC,OTC,2024-01-02,16
P001845,15600399,AACG,NASDAQ,2024-01-02,21
P001846,15584928,A,NYSE,2024-01-02,1
P001847,15768465,AAMC,NYSE A,2024-01-02,6
P001848,15586680,AATC,OTC,2024-01-02,11
P001849,15723872,AACG,NASDAQ,2024-01-02,16
P001850,15681316,A,NYSE,2024-01-02,21
P001851,15607330,AAMC,NYSE A,2024-01-02,1
P001852,15622033,AATC,OTC,2024-01-02,6
P001853,15649618,AACG,NASDAQ,2024-01-02,11
P001854,15667438,A,NYSE,2024-01-02,16
P001855,15712903,AAMC,NYSE A,2024-01-02,21
P001856,15749265,AATC,OTC,2024-01-02,1
P001857,15614847,AACG,NASDAQ,2024-01-02,6
P001858,15713632,A,NYSE,2024-01-02,11
P001859,15634591,AAMC,NYSE A,2024-01-02,16
P001860,15740868,AATC,OTC,2024-01-02,21
P001861,15591628,AACG,NASDAQ,2024-01-02,1
P001862,15598046,A,NYSE,2024-01-02,6
P001863,15733032,AAMC,NYSE A,2024-01-02,11
P001864,15653110,AATC,OTC,2024-01-02,16
P001865,15780215,AACG,NASDAQ,2024-01-02,21
P001866,15786389,A,NYSE,2024-01-02,1
P001867,15780256,AAMC,NYSE A,2024-01-02,6
P001868,15739123,AATC,OTC,2024-01-02,11
P001869,15605804,AACG,NASDAQ,2024-01-02,16
P001870,15758048,A,NYSE,2024-01-02,21
P001871,15689344,AAMC,NYSE A,2024-01-02,1
P001872,15621870,AATC,OTC,2024-01-02,6
P001873,15671934,AACG,NASDAQ,2024-01-02,11
P001874,15753229,A,NYSE,2024-01-02,16
P001875,15732438,AAMC,NYSE A,2024-01-02,21
P001876,15641389,AATC,OTC,2024-01-02,1
P001877,15597109,AACG,NASDAQ,2024-01-02,6
P001878,15759244,A,NYSE,2024-01-02,11
P001879,15619130,AAMC,NYSE A,2024-01-02,16
P001880,15800961,AATC,OTC,2024-01-02,21
P001881,15584897,AACG,NASDAQ,2024-01-02,1
P001882,15807900,A,NYSE,2024-01-02,6
P001883,15734659,AAMC,NYSE A,2024-01-02,11
P001884,15750407,AATC,OTC,2024-01-02,16
P001885,15637324,AACG,NASDAQ,2024-01-02,21
P001886,15683977,A,NYSE,2024-01-02,1
P001887,15591980,AAMC,NYSE A,2024-01-02,6
P001888,15635752,AATC,OTC,2024-01-02,11
P001889,15584156,AACG,NASDAQ,2024-01-02,16
P001890,15731951,A,NYSE,2024-01-02,21
P001891,15784010,AAMC,NYSE A,2024-01-02,1
P001892,15603481,AATC,OTC,2024-01-02,6
P001893,15581089,AACG,NASDAQ,2024-01-02,11
P001894,15815259,A,NYSE,2024-01-02,16
P001895,15694859,AAMC,NYSE A,2024-01-02,21
P001896,15620988,AATC,OTC,2024-01-02,1
P001897,15710687,AACG,NASDAQ,2024-01-02,6
P001898,15656319,A,NYSE,2024-01-02,11
P001899,15655171,AAMC,NYSE A,2024-01-02,16
P001900,15763460,AATC,OTC,2024-01-02,21
P001901,15645600,AACG,NASDAQ,2024-01-02,1
P001902,15571281,A,NYSE,2024-01-02,6
P001903,15735849,AAMC,NYSE A,2024-01-02,11
P001904,15792922,AATC,OTC,2024-01-02,16
P001905,15673180,AACG,NASDAQ,2024-01-02,21
P001906,15699415,A,NYSE,2024-01-02,1
P001907,15584452,AAMC,NYSE A,2024-01-02,6
P001908,15581551,AATC,OTC,2024-01-02,11
P001909,15634551,AACG,NASDAQ,2024-01-02,16
P001910,15570073,A,NYSE,2024-01-02,21
P001911,15721715,AAMC,NYSE A,2024-01-02,1
P001912,15655360,AATC,OTC,2024-01-02,6
P001913,15658409,AACG,NASDAQ,2024-01-02,11
P001914,15752294,A,NYSE,2024-01-02,16
P001915,15624936,AAMC,NYSE A,2024-01-02,21
P001916,15604732,AATC,OTC,2024-01-02,1
P001917,15778838,AACG,NASDAQ,2024-01-02,6
P001918,15610557,A,NYSE,2024-01-02,11
P001919,15594786,AAMC,NYSE A,2024-01-02,16
P001920,15724543,AATC,OTC,2024-01-02,21
P001921,15570533,AACG,NASDAQ,2024-01-02,1
P001922,15733444,A,NYSE,2024-01-02,6
P001923,15812534,AAMC,NYSE A,2024-01-02,11
P001924,15664860,AATC,OTC,2024-01-02,16
P001925,15620557,AACG,NASDAQ,2024-01-02,21
P001926,15732437,A,NYSE,2024-01-02,1
P001927,15801462,AAMC,NYSE A,2024-01-02,6
P001928,15658768,AATC,OTC,2024-01-02,11
P001929,15647203,AACG,NASDAQ,2024-01-02,16
P001930,15641091,A,NYSE,2024-01-02,21
P001931,15646168,AAMC,NYSE A,2024-01-02,1
P001932,15668971,AATC,OTC,2024-01-02,6
P001933,15589401,AACG,NASDAQ,2024-01-02,11
P001934,15745794,A,NYSE,2024-01-02,16
P001935,15651336,AAMC,NYSE A,2024-01-02,21
P001936,15638621,AATC,OTC,2024-01-02,1
P001937,15655335,AACG,NASDAQ,2024-01-02,6
P001938,15644280,A,NYSE,2024-01-02,11
P001939,15791674,AAMC,NYSE A,2024-01-02,16
P001940,15658675,AATC,OTC,2024-01-02,21
P001941,15797149,AACG,NASDAQ,2024-01-02,1
P001942,15572374,A,NYSE,2024-01-02,6
P001943,15624677,AAMC,NYSE A,2024-01-02,11
P001944,15762573,AATC,OTC,2024-01-02,16
P001945,15621815,AACG,NASDAQ,2024-01-02,21
P001946,15712536,A,NYSE,2024-01-02,1
P001947,15638487,AAMC,NYSE A,2024-01-02,6
P001948,15768495,AATC,OTC,2024-01-02,11
P001949,15572021,AACG,NASDAQ,2024-01-02,16
P001950,15603883,A,NYSE,2024-01-02,21
P001951,15591985,AAMC,NYSE A,2024-01-02,1
P001952,15804009,AATC,OTC,2024-01-02,6
P001953,15632143,AACG,NASDAQ,2024-01-02,11
P001954,15777067,A,NYSE,2024-01-02,16
P001955,15659327,AAMC,NYSE A,2024-01-02,21
P001956,15744041,AATC,OTC,2024-01-02,1
P001957,15617432,AACG,NASDAQ,2024-01-02,6
P001958,15609187,A,NYSE,2024-01-02,11
P001959,15658211,AAMC,NYSE A,2024-01-02,16
P001960,15738980,AATC,OTC,2024-01-02,21
P001961,15640507,AACG,NASDAQ,2024-01-02,1
P001962,15704597,A,NYSE,2024-01-02,6
P001963,15705994,AAMC,NYSE A,2024-01-02,11
P001964,15745431,AATC,OTC,2024-01-02,16
P001965,15762762,AACG,NASDAQ,2024-01-02,21
P001966,15701936,A,NYSE,2024-01-02,1
P001967,15738224,AAMC,NYSE A,2024-01-02,6
P001968,15616172,AATC,OTC,2024-01-02,11
P001969,15607877,AACG,NASDAQ,2024-01-02,16
P001970,15664035,A,NYSE,2024-01-02,21
P001971,15626012,AAMC,NYSE A,2024-01-02,1
P001972,15797502,AATC,OTC,2024-01-02,6
P001973,15716431,AACG,NASDAQ,2024-01-02,11
P001974,15691950,A,NYSE,2024-01-02,16
P001975,15580462,AAMC,NYSE A,2024-01-02,21
P001976,15747130,AATC,OTC,2024-01-02,1
P001977,15777054,AACG,NASDAQ,2024-01-02,6
P001978,15574584,A,NYSE,2024-01-02,11
P001979,15670427,AAMC,NYSE A,2024-01-02,16
P001980,15796764,AATC,OTC,2024-01-02,21
P001981,15645896,AACG,NASDAQ,2024-01-02,1
P001982,15784124,A,NYSE,2024-01-02,6
P001983,15784042,AAMC,NYSE A,2024-01-02,11
P001984,15813140,AATC,OTC,2024-01-02,16
P001985,15673020,AACG,NASDAQ,2024-01-02,21
P001986,15605672,A,NYSE,2024-01-02,1
P001987,15713604,AAMC,NYSE A,2024-01-02,6
P001988,15603454,AATC,OTC,2024-01-02,11
P001989,15791972,AACG,NASDAQ,2024-01-02,16
P001990,15674000,A,NYSE,2024-01-02,21
P001991,15638494,AAMC,NYSE A,2024-01-02,1
P001992,15611338,AATC,OTC,2024-01-02,6
P001993,15681026,AACG,NASDAQ,2024-01-02,11
P001994,15690164,A,NYSE,2024-01-02,16
P001995,15587133,AAMC,NYSE A,2024-01-02,21
P001996,15666295,AATC,OTC,2024-01-02,1
P001997,15719276,AACG,NASDAQ,2024-01-02,6
P001998,15586914,A,NYSE,2024-01-02,11
P001999,15798964,AAMC,NYSE A,2024-01-02,16
P002000,15606229,AATC,OTC,2024-01-02,21
